bed_0,bed_1,bed_2,bed_3,bed_4,bed_5
0.0058904127,2.0315363e-06,0.0005488744,0.5431194,0.43887573,0.011563591
0.008890385,3.574755e-06,0.00028242337,0.0063830274,0.9844163,2.4279927e-05
0.009035842,9.1307906e-05,9.807677e-05,0.05947622,0.8435635,0.08773515
0.012309685,3.3489684e-06,0.85488296,0.0003462505,0.12447848,0.007979278
0.011652629,3.5019764e-06,0.0009980918,1.0159537e-05,0.9847531,0.0025826215
2.2258646e-05,0.006923855,0.004503984,0.50134766,0.0012869227,0.4859154
0.9675739,4.0958025e-06,0.00034286853,8.5662214e-05,0.03199038,3.0527044e-06
0.9675739,4.0958025e-06,0.00034286853,8.5662214e-05,0.03199038,3.0527044e-06
0.0034433412,5.935284e-07,0.00042022113,0.00088691816,0.5009664,0.49428242
0.0057701725,1.8090516e-06,0.050158653,0.0017737849,0.22664988,0.71564573
0.0015047669,0.025749298,0.9383266,0.0055629434,0.0018992126,0.026957156
0.0018701238,2.9657838e-07,0.0006896841,0.0026772553,0.2445075,0.75025505
0.0001652393,0.1319927,0.21942697,0.011900804,0.0014556869,0.63505864
0.061528552,2.3588364e-06,0.002256481,0.00023394379,0.9358301,0.00014857756
0.012546667,1.0708555e-06,1.6971924e-05,0.00025436908,0.98717636,4.636314e-06
0.35399047,3.5243487e-05,0.25927046,0.0016713194,0.3381628,0.04686968
1.9954134e-06,0.0031258531,0.0058208606,1.4609843e-06,1.1883809e-05,0.99103796
0.00066652393,0.0029876502,0.99163437,0.0009220175,0.0013556586,0.0024337014
0.01683588,0.00010280649,6.077476e-05,0.0319803,0.9303999,0.020620415
0.00014079684,1.9423338e-07,2.3796907e-05,0.00015002846,0.99968255,2.6517343e-06
0.0005149071,0.03327384,0.86447066,0.0038669962,0.0100831175,0.08779053
0.0002561952,8.023416e-08,6.9085017e-06,0.005282205,0.03251871,0.9619359
0.032419857,9.866455e-06,0.06586246,0.008998438,0.8919744,0.000734972
0.012286036,2.2698894e-05,0.009774062,0.09071507,0.88711685,8.525291e-05
0.07194703,3.0741063e-05,0.027901564,0.00036061465,0.8786896,0.021070492
0.012596021,4.972204e-05,0.0019100539,2.19505e-05,0.98275363,0.0026686103
0.010925606,1.3391094e-06,0.0002724103,0.0001386271,0.9886507,1.12898015e-05
0.00018447048,0.049136184,0.1124662,0.00044755012,0.0006507911,0.8371148
0.00438357,4.76737e-07,0.0009034723,0.14212598,0.029617993,0.82296854
0.00036122047,0.0066978605,0.6849589,0.009663213,0.0035417,0.29477707
0.35399047,3.5243487e-05,0.25927046,0.0016713194,0.3381628,0.04686968
0.069856584,1.570744e-06,0.029090768,0.00632064,0.89273685,0.0019935928
1.2599016e-09,5.808038e-10,0.99999917,6.4534833e-10,8.6408767e-07,1.4851584e-09
0.0012375342,3.014625e-07,0.9074067,0.0003769049,0.09087234,0.00010634883
6.0833787e-07,3.2022275e-08,3.0760855e-06,0.0001345313,8.735709e-06,0.999853
0.06486389,0.00030216883,0.1503519,6.3189094e-05,0.54842395,0.23599486
0.0007498711,6.5743016e-08,1.2876756e-05,5.3613054e-05,0.99917763,5.917608e-06
0.0058904127,2.0315363e-06,0.0005488744,0.5431194,0.43887573,0.011563591
0.000121504934,7.748007e-07,0.0007074291,0.0025861864,0.0142609645,0.9823231
0.058975436,2.3100876e-05,0.000215966,0.0047682473,0.92757744,0.008439834
0.032027964,1.9715057e-05,0.03637704,0.076539434,0.8215439,0.03349193
0.0027338113,1.1465061e-05,0.00018671523,0.00042916724,0.3362229,0.66041595
0.0108919265,3.673118e-05,0.031209858,0.0009869569,0.17816074,0.7787138
0.02024303,6.070843e-05,0.055442967,0.85505074,0.039226376,0.029976156
0.0062432545,1.5068714e-07,0.00010106421,3.2097178e-05,0.9927643,0.0008592268
6.787834e-05,1.708639e-07,0.9871759,1.437362e-05,0.012741204,5.745567e-07
1.830658e-05,6.47752e-09,7.1444407e-07,0.00024416993,0.0013044863,0.99843234
0.0012882843,0.008121598,0.79645693,0.016592793,0.0043844357,0.17315584
0.021280589,1.303257e-07,7.1923155e-06,0.000105652005,0.97860515,1.2847717e-06
0.0051341527,3.3436534e-06,0.0001357699,0.0048038145,0.44506264,0.5448603
0.039556693,2.4452506e-06,3.1401127e-05,0.0026553352,0.9561405,0.0016136086
0.008028703,1.1394708e-06,0.7856155,0.00099073,0.1741436,0.031220343
0.020415483,8.2214416e-07,2.9060571e-05,0.000108619235,0.97944564,3.9804473e-07
0.0067162896,8.447729e-08,4.8190163e-06,0.0004596617,0.99281824,9.040772e-07
0.0025407833,1.9460182e-05,0.00021822895,0.0033216623,0.3748463,0.61905354
2.0853147e-06,3.7081645e-07,0.00018125615,7.021516e-05,1.1717401e-05,0.99973434
0.0014094124,9.738629e-06,0.00028256665,0.00018088991,0.054407306,0.9437101
0.029916974,5.595886e-06,0.013269117,0.0018353061,0.56812805,0.38684505
0.013452842,1.6947853e-06,0.00015872248,0.0034168381,0.9829539,1.607483e-05
0.0077795587,3.4046778e-05,7.7184945e-05,0.00022381412,0.40254843,0.58933693
0.014022099,1.4286896e-05,0.0010467075,0.00015534279,0.96620077,0.01856083
0.02001978,3.3138836e-06,0.052537043,0.0027487215,0.71709406,0.20759706
0.016238391,5.465315e-07,9.054528e-06,0.0019813704,0.98017395,0.00159675
0.008913892,2.9151903e-05,0.009338035,0.00043696948,0.25364164,0.72764033
0.015818495,5.271698e-05,0.0069367797,0.038959693,0.70161897,0.23661338
0.036680095,7.195502e-07,2.1287458e-05,0.00051778107,0.9627555,2.4699326e-05
0.00022881984,4.794694e-06,0.004535728,0.00012152785,0.001625706,0.99348336
0.00037734697,2.2737806e-08,2.0624323e-06,8.220232e-06,0.9996117,6.763787e-07
0.108735986,0.00013841662,0.002989996,0.02699447,0.7486348,0.11250636
0.02333805,1.2671273e-07,0.028697949,0.00045309647,0.947506,4.6885243e-06
0.0015083699,2.3516604e-06,0.011471096,0.00025706866,0.97092,0.015841099
0.004298179,1.9430297e-05,0.0066518574,0.00024110275,0.018386582,0.9704029
0.0030574265,1.7718921e-07,5.81075e-06,4.5266403e-05,0.9968906,7.015786e-07
6.0385184e-05,7.619615e-08,2.4322526e-05,3.4735607e-05,0.007368555,0.992512
0.014580501,1.28687425e-05,0.0010398839,0.0026550924,0.8821086,0.09960304
0.018547168,0.00069387216,0.0011310469,0.0010437833,0.77523434,0.20334974
0.00015258456,1.7505862e-07,2.0949356e-05,3.212999e-05,0.05806635,0.9417278
0.0013967025,1.1457655e-06,0.017722398,0.0006115889,0.0700312,0.91023695
0.047278423,7.691927e-06,0.010145054,0.037208397,0.8448804,0.060480032
0.0014760148,9.142279e-07,4.000889e-05,0.924056,0.07247405,0.0019529987
0.00036842818,3.0448678e-06,0.9699332,0.00020545707,0.026778447,0.0027113687
0.0007323123,3.3720224e-07,0.0052043293,8.7818575e-05,0.15918218,0.83479303
0.058761038,0.00037481033,0.0026074098,0.00029244355,0.9343788,0.0035855495
0.012397079,4.254335e-06,0.010078654,0.00063851307,0.6159674,0.36091414
2.0918234e-05,6.887404e-05,0.0027823914,0.0001940651,0.00022448809,0.9967092
0.0019863087,5.6388337e-05,0.32751352,0.0039729774,0.13545047,0.5310204
0.0039828517,2.0492873e-05,0.0022788716,0.0009078554,0.9926359,0.00017407318
0.002982654,2.242871e-05,0.021909686,7.821994e-05,0.97498953,1.7537956e-05
0.0018672652,0.00012733976,0.7828644,0.00935408,0.03379232,0.1719945
0.015276414,9.85242e-07,0.011011862,0.00022251335,0.4521761,0.5213121
6.708707e-11,5.750582e-13,1.5864433e-11,2.6419034e-09,3.394234e-08,1.0
0.024633912,1.1287205e-05,0.008262607,0.0013888903,0.95222324,0.0134799965
0.005146504,3.6632032e-06,0.014314002,0.00080237054,0.2716428,0.7080906
0.008323532,5.575687e-07,9.177801e-05,0.0015200019,0.72444975,0.26561436
0.000407383,1.271367e-07,1.4403565e-05,0.00012219013,0.027131181,0.9723247
0.009423841,4.5452416e-06,0.00090097,0.0011514035,0.9787673,0.009752001
1.3577735e-05,0.0032944363,0.001619838,0.00018072993,2.828494e-05,0.9948631
0.0046898755,8.268282e-07,2.487459e-05,6.723313e-06,0.99525225,2.5543251e-05
0.0344233,3.6306071e-06,0.5711445,0.0005554085,0.34537527,0.048497975
0.0011532061,3.1520224e-06,0.00027847,0.00023885224,0.06691787,0.9314084
0.00018787693,0.013844229,0.9803028,0.0005429632,0.0015716631,0.0035504655
0.007825253,7.9095423e-07,0.0008680006,0.0012304517,0.9899328,0.00014280624
0.021203704,1.5762089e-05,0.8294011,0.0001617676,0.019881664,0.12933606
0.03489288,4.299767e-06,0.0003409793,0.0013213255,0.6197517,0.3436889
0.022035379,5.1814295e-06,0.00017771803,5.1293075e-05,0.9734831,0.004247308
0.0008139153,2.053488e-05,0.9631352,0.00050743803,0.0014536174,0.034069143
0.03558088,2.0867421e-06,0.016857916,0.00013544133,0.908064,0.0393597
0.0376071,0.005003856,0.009176922,0.0011139384,0.6157314,0.33136678
0.0015083699,2.3516604e-06,0.011471096,0.00025706866,0.97092,0.015841099
1.4601584e-05,0.05977412,0.8620093,5.5367873e-05,0.00018128095,0.07796526
3.1419087e-05,1.5655917e-07,1.080738e-05,1.9392472e-05,0.00049077324,0.9994474
0.05268073,1.1324927e-05,0.40754464,0.000817701,0.5007488,0.03819682
0.00055436214,4.9219917e-08,5.4993316e-06,0.0005741274,0.18786213,0.81100386
0.001510354,0.00012843341,0.0003295343,0.00042155533,0.01778179,0.9798283
0.01119154,1.3054539e-06,0.005698333,0.0006539791,0.8961412,0.086313725
0.00019917286,8.604045e-07,0.00016345823,0.000967235,0.049337685,0.9493316
0.030525696,4.4757257e-06,0.001589133,0.0013578336,0.40928945,0.5572334
0.001149255,9.060969e-07,6.283453e-05,0.0005670034,0.99821067,9.419046e-06
0.0049804314,1.056743e-06,3.320202e-05,0.0007961223,0.72535104,0.26883817
0.0035933803,3.861249e-08,2.3373698e-06,4.4631313e-05,0.9963586,1.0931935e-06
0.0506363,2.2463666e-05,0.08729399,0.0012264722,0.5491119,0.31170884
0.007937736,8.908601e-07,0.000107410204,0.101806484,0.8826952,0.0074522346
0.12894599,2.6933969e-05,0.26090032,0.0024407536,0.55655736,0.051128674
0.00014079684,1.9423338e-07,2.3796907e-05,0.00015002846,0.99968255,2.6517343e-06
0.0003890971,1.8416534e-08,0.0013277673,0.0059573175,0.0030392432,0.9892866
0.09290821,4.3526275e-06,0.71920735,0.00016704648,0.17697996,0.010733074
7.65551e-06,0.015994806,0.010380818,0.047468197,0.0008818928,0.9252666
0.0049663414,6.0881536e-07,8.472232e-05,0.0005597652,0.9943868,1.7504017e-06
6.849056e-06,7.0196285e-07,0.9989102,0.000133864,0.0009480672,3.2930095e-07
0.0020998355,3.2209593e-07,0.036718953,0.0014683652,0.021141969,0.9385706
0.042015065,5.7481007e-05,0.0022062259,0.029340517,0.9262287,0.00015204314
0.034710556,5.1784027e-06,0.0014642095,0.0007372081,0.88246405,0.08061879
0.016110662,4.4007716e-06,0.93568814,1.6361191e-05,0.024359604,0.023820871
0.023212625,4.2532547e-06,0.0019048473,0.03110381,0.92239165,0.021382825
0.011926524,1.8227698e-05,0.003004585,0.0022366424,0.98279,2.4019639e-05
0.03088497,7.127136e-05,0.0006407129,0.04581135,0.6262419,0.29634985
8.4763e-06,3.408027e-08,4.4326334e-06,1.0566828e-05,0.0029395919,0.99703693
0.0001626514,5.050593e-07,0.99900717,3.58086e-07,0.0008281009,1.1628106e-06
0.01969143,1.09428565e-05,4.6346177e-05,0.0011169941,0.65947515,0.31965905
0.0007460456,0.0003037586,0.6159322,0.0019597576,0.0045610336,0.37649712
0.0062083537,1.6170192e-06,9.696515e-05,0.002413314,0.9895744,0.0017054129
1.0467933e-06,3.0507874e-09,1.5880785e-07,0.00024933464,3.3463493e-05,0.999716
0.027723534,1.6331243e-06,6.6358974e-05,0.0003882258,0.9718178,2.4193303e-06
0.0012200255,6.638324e-07,0.00058927893,0.00036547173,0.9978211,3.4911473e-06
8.298921e-07,2.1465471e-08,8.5391775e-06,0.0037537322,1.9434478e-05,0.9962174
1.4285663e-05,5.1801665e-09,7.254034e-07,2.4483852e-05,0.030605577,0.969355
0.017230539,0.050284445,0.66305184,0.0036577617,0.0071286215,0.2586467
0.001510494,2.825348e-06,0.026462257,0.00021330653,0.9711109,0.0007002431
0.008864345,4.1776707e-06,0.0003744994,0.00064393703,0.85776883,0.13234419
0.008835975,0.00014075206,0.10606398,0.014401473,0.35275486,0.5178029
0.019104771,6.081639e-06,0.05989297,0.0006230337,0.8732296,0.047143437
0.0015550518,1.02711496e-07,1.36039625e-05,0.000114473696,0.9983127,4.0980494e-06
0.21078415,4.2170286e-05,0.20800237,0.0006454195,0.40535593,0.17516996
1.334299e-07,4.0906794e-09,6.573014e-05,6.6535167e-06,1.0122709e-05,0.9999174
6.849056e-06,7.0196285e-07,0.9989102,0.000133864,0.0009480672,3.2930095e-07
1.3738181e-09,1.8017849e-07,0.9999943,1.2780852e-08,5.4926927e-06,4.669478e-09
0.020717856,7.927051e-06,0.0028221852,0.027466156,0.5301427,0.41884312
0.019228188,2.8602228e-05,0.103217185,0.0014895992,0.2319981,0.6440383
0.0102551915,0.00058809906,0.07178438,0.00037420052,0.91689897,9.910732e-05
0.0161445,1.157266e-05,0.04554178,0.029652191,0.10516648,0.8034835
0.0011381981,1.1431754e-07,2.9877296e-05,0.0038760675,0.9940492,0.00090650225
0.03712332,1.1020957e-05,0.11394438,0.002429775,0.41430417,0.43218726
0.00025703522,6.3288354e-08,4.5074485e-06,0.0004986506,0.024581395,0.97465837
2.5268726e-05,2.0470772e-05,0.0013573068,0.00018167146,0.000815534,0.9975998
0.00025378526,2.5252355e-06,0.70590466,0.00011752645,0.057028137,0.23669335
0.0019561334,2.9565072e-05,0.49442208,0.00052534696,0.03188395,0.4711829
6.163984e-12,9.490017e-11,1.0,5.034667e-13,3.8414547e-09,1.84797e-12
0.0009208404,0.108858876,0.806446,0.00728425,0.009545712,0.06694426
0.00059199106,1.0027537e-07,6.529684e-05,0.00124085,0.0629406,0.9351612
9.510206e-05,3.3299798e-07,2.082802e-06,0.0014701488,0.027269766,0.97116256
0.0031581516,1.3947115e-06,2.9099832e-05,0.00017657073,0.65253717,0.3440976
0.00044699482,2.3780909e-05,0.9841285,7.0950184e-05,0.013736212,0.0015934657
0.028623065,6.916421e-05,0.0013486432,0.08589608,0.8831731,0.00088997633
0.008267463,2.7689402e-06,0.024829324,0.030385412,0.74486804,0.19164692
0.0082656145,5.2331015e-05,0.004916893,0.009103491,0.9775939,6.7863344e-05
0.014826318,2.4701344e-06,5.1624284e-05,0.00017336992,0.5669949,0.41795126
0.00011122535,1.4824044e-06,9.110607e-06,0.00036351554,0.031733148,0.9677815
0.000555929,2.8601887e-06,7.224762e-05,0.0008316067,0.20986336,0.788674
0.000776801,0.0036321112,0.801205,0.0019724288,0.010732622,0.18168119
1.9954134e-06,0.0031258531,0.0058208606,1.4609843e-06,1.1883809e-05,0.99103796
0.00035126752,1.3883917e-07,9.831609e-05,4.435716e-05,0.14601536,0.8534906
0.0033507159,7.79084e-06,0.103491604,0.0007762814,0.058551352,0.83382225
0.02611441,2.7211654e-05,0.006149034,0.0023817872,0.80526507,0.16006252
0.007042904,1.5838282e-07,6.519833e-05,0.00057151064,0.5328102,0.45951003
8.9027846e-05,2.0062397e-07,0.0047505065,3.1756072e-06,0.015663888,0.9794932
8.1029364e-05,9.78088e-07,0.0022179426,2.362012e-05,0.011986693,0.98568976
0.0054955045,5.9586973e-06,0.00052186253,0.0008157836,0.45128205,0.5418789
0.010501401,1.2795538e-06,8.720649e-05,6.583181e-05,0.9788261,0.010518179
0.00051556877,1.2028839e-07,0.004612155,0.007070858,0.010044771,0.9777565
6.4754417e-12,5.132296e-08,1.0,4.8772634e-13,5.2225895e-09,2.3540211e-11
0.00024190413,1.8830046e-06,0.00039299007,6.8725254e-05,0.25672993,0.74256456
0.04778573,2.314443e-06,0.00013925643,0.00062108244,0.951445,6.5464633e-06
0.001405041,1.1345498e-05,0.00022171535,0.0001982429,0.6567603,0.34140337
0.025519455,1.0754009e-05,0.0010718704,0.0035449653,0.4028534,0.5669995
0.053790163,3.864166e-05,0.450781,0.012406068,0.48136398,0.0016201034
0.00038670583,2.382481e-08,8.714978e-06,0.00020420308,0.14406194,0.8553384
0.027863553,1.0673726e-06,0.00031973497,0.0006405888,0.97117114,3.9004235e-06
0.01987007,4.361331e-05,0.19717942,0.41445687,0.3606255,0.007824504
0.0043320972,7.536183e-07,0.012130853,0.9723674,0.0110123465,0.00015660613
0.0029477633,1.823312e-06,0.00010084104,0.00035306797,0.92608106,0.07051546
0.0107162185,5.9090025e-06,0.010597317,0.0051238234,0.271324,0.7022327
0.016475823,9.030162e-06,0.003242463,0.017953271,0.9622589,6.0531445e-05
0.06171006,5.494001e-05,0.11862813,8.842848e-05,0.80127,0.018248424
0.025519455,1.0754009e-05,0.0010718704,0.0035449653,0.4028534,0.5669995
0.0052035176,1.0501715e-05,0.047000308,0.001093632,0.94665015,4.1919095e-05
0.026325878,1.0689548e-05,0.0014743439,0.0007383744,0.97136253,8.826829e-05
5.0236682e-05,7.9732297e-07,6.598007e-06,0.00040335313,0.0074748076,0.9920642
0.009423841,4.5452416e-06,0.00090097,0.0011514035,0.9787673,0.009752001
0.0376071,0.005003856,0.009176922,0.0011139384,0.6157314,0.33136678
0.034623146,0.00024377678,0.027123315,0.0001174262,0.5177469,0.42014542
0.00021353892,0.22124511,0.5534647,8.223353e-05,0.0035402994,0.2214541
0.44087872,2.223988e-05,0.09577442,0.00069555687,0.46247602,0.0001529937
0.016136143,5.594884e-06,1.368211e-05,0.15120335,0.8173255,0.015315765
0.04569628,7.7466375e-06,0.009209561,0.037215218,0.84465396,0.06321727
0.07753448,0.0006734036,0.06441959,0.056203406,0.38777438,0.41339466
6.849056e-06,7.0196285e-07,0.9989102,0.000133864,0.0009480672,3.2930095e-07
0.007987307,1.5770714e-06,0.82747036,0.0018521264,0.16211644,0.00057223794
0.010096205,7.7050754e-05,0.008365671,0.23727845,0.6550523,0.089130305
0.0041365456,7.328087e-07,0.0057419487,0.015746765,0.050368216,0.9240058
0.018088024,1.6864748e-05,0.05567589,6.9927904e-05,0.8465911,0.07955813
0.0006340119,2.7178562e-08,4.3254988e-07,0.000374198,0.7803011,0.2186902
0.00014079684,1.9423338e-07,2.3796907e-05,0.00015002846,0.99968255,2.6517343e-06
0.00035677874,4.7793993e-08,0.0015144785,1.0593848e-05,0.011539519,0.9865785
0.000110291,4.447076e-06,0.00215104,5.0445564e-05,0.034587577,0.96309614
0.04317998,2.716318e-06,0.00020723055,0.00043318162,0.9560734,0.00010352652
0.005355089,2.432248e-05,0.8192759,6.448164e-05,0.01559514,0.15968509
0.027859006,1.2523427e-05,0.00036793223,0.09874127,0.80831933,0.06469987
0.0041763233,1.0592158e-05,0.029941082,0.00028057216,0.43681222,0.52877927
0.01221629,2.9083592e-06,0.00019730546,0.0001115164,0.9862937,0.0011783631
0.031137083,6.4783644e-06,0.0011697334,0.0018337591,0.91191554,0.053937376
0.0072738607,6.184818e-07,2.7792401e-05,4.477647e-05,0.98318523,0.0094677415
0.009385155,1.9582344e-06,0.0012526793,0.017244902,0.08204549,0.8900698
0.05268073,1.1324927e-05,0.40754464,0.000817701,0.5007488,0.03819682
0.033413224,4.584979e-06,0.016904153,0.0010619838,0.94856906,4.6927795e-05
0.014810338,2.1411259e-05,0.69148046,0.016360512,0.2535072,0.023820076
0.08660161,5.5657215e-06,0.028913165,0.0035571312,0.87908125,0.0018413579
0.10962151,4.7635378e-05,0.23744997,0.00024868533,0.25790852,0.39472368
0.00021986468,0.08530574,0.9009644,6.794936e-05,0.003858595,0.009583465
0.00073729205,2.2821418e-07,0.00044180205,0.0025339716,0.073041014,0.9232457
0.00032105416,3.7071423e-08,2.9374473e-06,0.00028545508,0.03831348,0.96107703
0.029916974,5.595886e-06,0.013269117,0.0018353061,0.56812805,0.38684505
0.0019791645,4.4702415e-06,0.000105615436,0.0029088364,0.92839104,0.06661086
0.9497773,8.3172445e-08,3.9415063e-06,1.9564372e-05,0.050174527,2.4447045e-05
0.020939814,7.4403456e-06,0.00029349435,0.00013758361,0.5062877,0.4723339
0.13494785,5.4145275e-06,0.50375354,8.085072e-05,0.35808042,0.003131957
0.009385155,1.9582344e-06,0.0012526793,0.017244902,0.08204549,0.8900698
0.005438861,1.2430391e-07,4.635479e-05,0.00017816458,0.9943257,1.0758265e-05
0.0014403776,1.0657589e-05,0.83524245,0.00026386807,0.067761764,0.09528094
0.00072056305,0.02624994,0.9271491,0.0009545281,0.003914541,0.041011307
0.02705847,2.5256604e-06,0.00016496971,0.0020028993,0.9643977,0.006373413
0.032027964,1.9715057e-05,0.03637704,0.076539434,0.8215439,0.03349193
0.0076886993,1.5345898e-07,6.701465e-05,0.00021201519,0.9827931,0.009239021
0.0020998355,3.2209593e-07,0.036718953,0.0014683652,0.021141969,0.9385706
0.0016886223,4.7734975e-06,3.4877306e-05,0.00049218704,0.052644365,0.9451352
0.0021326975,4.4930503e-06,0.96353215,0.00018806392,0.032108363,0.0020342288
0.00016122269,3.2774748e-05,0.04120396,0.0004993158,0.0017759487,0.9563268
0.0016490734,3.722872e-05,0.0003694445,0.0013498866,0.32714605,0.6694483
0.0113592325,7.713835e-06,0.00074691186,0.05119663,0.88802177,0.048667733
0.0030915427,6.378417e-07,0.00039376292,0.007145704,0.9458705,0.04349775
0.008601438,3.9543693e-06,0.0971825,0.08078439,0.77695036,0.036477353
0.0005313835,5.740666e-05,0.3248433,3.1620988e-05,0.047024015,0.6275124
0.011974068,0.00011926322,0.008930874,0.048184942,0.9307241,6.675727e-05
0.00023322503,3.5362035e-07,2.5241313e-06,0.0028203214,0.0899556,0.9069879
0.028971987,0.00034624105,0.00015855441,0.047436405,0.90550506,0.017581714
0.00020527391,5.769613e-08,2.1285487e-06,0.002738735,0.026431447,0.9706224
0.01629327,2.235625e-06,7.363813e-05,0.0001111398,0.21208696,0.7714327
0.00071889133,2.3995845e-08,4.0058108e-06,0.00011813609,0.5232234,0.47593555
0.0016861139,1.6041307e-06,0.0003348382,0.033645462,0.012071293,0.9522607
0.000724613,3.7131542e-06,0.85193664,7.1575145e-05,0.09871569,0.048547707
6.158288e-05,1.6165341e-08,1.853607e-05,0.001145837,0.00018925715,0.99858475
0.0035396374,7.935325e-07,0.00016750819,0.004505783,0.99099296,0.00079333276
0.0006320609,0.004121099,0.8834665,0.0004342399,0.012099439,0.09924667
0.0051091216,6.967089e-06,0.023653543,0.00034161526,0.6152169,0.3556718
0.00040951322,2.4012257e-05,0.862997,0.00013908227,0.013177322,0.12325304
0.026372135,1.077463e-06,0.10400999,0.009334125,0.8158475,0.04443523
0.027961584,4.645105e-06,0.0038550985,0.00022791744,0.94917756,0.018773168
0.00043170713,7.752293e-07,5.103458e-06,0.002988824,0.15715967,0.839414
0.004068162,3.2556203e-05,0.5012864,0.00046327198,0.061694067,0.43245548
0.040081654,8.48836e-06,0.69231015,0.0014253923,0.24432006,0.021854244
0.0011306629,3.1301354e-08,9.039244e-06,0.0001223667,0.9014913,0.09724664
0.002991952,0.010596421,0.83353627,0.0066959118,0.029218666,0.116960734
0.020717856,7.927051e-06,0.0028221852,0.027466156,0.5301427,0.41884312
0.0153407715,3.102796e-07,4.5765155e-06,4.3002736e-05,0.9846111,2.0221495e-07
0.0021904572,2.5712895e-06,0.00066982745,0.0003350538,0.9528711,0.043931067
8.9184e-05,1.9071061e-06,0.015960315,0.00025261412,0.023678467,0.9600175
0.0108919265,3.673118e-05,0.031209858,0.0009869569,0.17816074,0.7787138
0.0058546956,3.4423936e-06,0.9047588,0.0005112274,0.08740376,0.0014680747
0.0013651209,5.8109606e-07,0.015045394,0.00079566106,0.024257027,0.95853627
0.003189087,5.410497e-06,6.400822e-05,0.0002779614,0.29168496,0.70477855
0.025195435,0.00013962477,0.00048098824,0.0073106163,0.79978466,0.16708864
0.002783826,2.5519756e-07,8.482335e-06,1.3833167e-05,0.65372837,0.34346518
0.0018672652,0.00012733976,0.7828644,0.00935408,0.03379232,0.1719945
0.0055602696,9.589777e-06,0.22739261,0.003936493,0.52800804,0.23509303
0.003986161,8.171817e-06,0.9489773,0.00018319055,0.045102045,0.0017432404
0.0047014854,4.4870822e-07,0.00042089217,0.01322098,0.97814274,0.0035134407
0.0067188838,3.0577084e-07,0.047038686,0.0017154776,0.40441576,0.5401108
7.85308e-05,5.2045543e-06,0.059898406,0.00018104499,0.016709892,0.923127
0.024449348,1.8089118e-07,4.2726573e-05,6.424204e-05,0.97544086,2.7026153e-06
4.358323e-06,1.4631971e-05,0.023861313,1.40348675e-05,0.00036023647,0.9757454
0.01423434,2.2642898e-06,0.0014079276,0.0005541655,0.66830176,0.31549948
7.3733395e-06,5.743546e-06,0.9997259,6.870065e-05,0.00018935383,2.95987e-06
0.00037734697,2.2737806e-08,2.0624323e-06,8.220232e-06,0.9996117,6.763787e-07
0.0018949176,1.6914254e-07,0.00022781042,9.174279e-05,0.9977457,3.9583516e-05
0.00054092787,2.660219e-06,1.5515106e-05,0.000119753255,0.067249045,0.9320721
0.000435946,7.149537e-06,0.0014113252,0.5112559,0.08692042,0.39996922
1.8246639e-06,1.2919777e-08,3.0949268e-05,1.7220548e-06,4.9064427e-05,0.99991643
0.0107162185,5.9090025e-06,0.010597317,0.0051238234,0.271324,0.7022327
0.00080785964,1.8623613e-06,0.35902032,0.00038596828,0.13392754,0.5058565
7.6569495e-06,6.3699592e-09,5.1507885e-07,2.0098512e-06,0.0025720096,0.9974178
9.130918e-08,2.6212115e-06,0.9999927,1.1775333e-08,4.5884603e-06,4.407228e-08
1.0010892e-06,1.00178795e-05,0.99986625,1.2345991e-08,0.0001226455,1.6221605e-07
0.00081798417,2.4071831e-05,0.0012031359,0.0051194495,0.1788778,0.81395763
0.015399037,5.3128483e-06,0.0150836725,0.15590735,0.42295542,0.3906492
0.0019868296,1.4830724e-07,9.009274e-06,0.00015549145,0.99784815,3.6805068e-07
0.0065314444,1.6191994e-05,0.13108143,0.0074045593,0.053325295,0.8016411
0.0091586355,1.8146965e-06,0.34654313,0.0002120875,0.4826215,0.16146277
0.026013495,2.7733016e-05,0.6751111,0.013536262,0.27921358,0.006097765
1.6919922e-06,3.6723677e-08,0.00033387518,5.706579e-05,0.00051267823,0.9990947
0.010535209,4.4508524e-06,0.009688288,0.0006057918,0.1071741,0.8719922
0.022260202,0.024808722,0.010438111,0.0056434856,0.01097056,0.925879
0.0034433412,5.935284e-07,0.00042022113,0.00088691816,0.5009664,0.49428242
0.0053164545,8.801654e-08,6.444032e-05,0.0029921802,0.4885737,0.50305307
0.0035389403,5.7911225e-06,0.015032064,0.001829211,0.15468597,0.8249081
0.0010911009,9.203482e-06,4.7123507e-05,2.9450803e-05,0.0054108636,0.9934123
0.11088232,0.00020258766,0.06414334,0.0028454626,0.6967307,0.12519564
0.007105557,0.0026038047,0.73669887,0.0006187575,0.2378798,0.015093221
0.011404169,2.3167624e-06,0.8022271,0.0012628068,0.1795773,0.0055262703
0.0002674523,0.16318579,0.5495965,0.00012667116,0.0030198805,0.2838037
0.029719124,7.6941757e-07,3.619239e-05,0.00035612,0.9698869,8.7213544e-07
0.0005521847,1.8184846e-06,9.372728e-05,0.00079623825,0.12970991,0.86884606
0.2106604,2.6097361e-05,0.089332074,0.009898464,0.6900703,1.2741893e-05
0.03415256,1.4833747e-06,0.6142502,0.0076523987,0.32936472,0.014578774
0.013895743,2.6823482e-05,0.0014829724,0.03138096,0.95026255,0.0029509251
0.0010336232,1.9991642e-06,8.0637226e-05,0.0019117118,0.10306172,0.8939103
0.0102551915,0.00058809906,0.07178438,0.00037420052,0.91689897,9.910732e-05
0.0022163594,0.0029251005,0.84161836,0.00050214195,0.13643716,0.016300896
0.00043923332,3.630584e-08,1.0256298e-06,2.7420656e-05,0.9995322,1.3330703e-07
0.01987007,4.361331e-05,0.19717942,0.41445687,0.3606255,0.007824504
0.016877031,1.0815836e-06,0.01836867,0.00399333,0.7443804,0.21637945
0.001521572,6.065755e-07,2.044963e-05,0.00033815275,0.9981179,1.2707028e-06
0.014458551,8.939785e-06,0.00429387,0.004005932,0.13946813,0.83776456
0.0038723329,5.193731e-07,5.7466066e-05,0.00054298795,0.9953955,0.00013124742
0.0005937649,3.6108386e-06,0.8703127,0.001041675,0.12218113,0.005867091
0.0009795487,6.0625894e-07,0.000794021,1.3232931e-05,0.9981567,5.5774817e-05
0.0007674715,2.89807e-06,4.8223523e-05,0.0024108521,0.031642564,0.965128
0.00063506246,0.008414162,0.933749,2.6300599e-05,0.028965365,0.028210131
0.0016432521,3.3548306e-05,0.8940979,9.987222e-05,0.08302998,0.02109544
0.0029186404,0.0074459156,0.04531157,0.20737594,0.7106474,0.026300414
0.0067283106,4.7258177e-06,0.017794073,0.0002243057,0.26018107,0.7150675
0.006911619,5.362755e-06,0.024920592,0.0014185718,0.79192513,0.17481871
0.0020082549,5.1103502e-06,0.00092498644,0.074371606,0.024193311,0.89849675
6.2845e-05,1.8387519e-07,1.2211814e-05,0.0015846167,0.00048567203,0.9978544
0.0003963449,1.5027888e-06,0.00038385912,0.047722116,0.013239939,0.9382562
6.163984e-12,9.490017e-11,1.0,5.034667e-13,3.8414547e-09,1.84797e-12
0.012250683,1.2338549e-07,5.6764825e-06,0.00028018208,0.89730513,0.090158194
0.0015274315,1.1761887e-05,0.009030619,2.3457698e-05,0.071869865,0.91753685
0.0042028795,3.0203584e-08,5.303053e-06,0.0027228347,0.98913646,0.003932504
0.027373645,2.080685e-06,0.021932665,0.00037478557,0.94791734,0.0023994981
0.005736827,5.663675e-08,9.050078e-06,0.00027703267,0.9182027,0.07577441
0.0011283493,0.00012211638,0.25375384,0.048561715,0.04076668,0.6556673
0.054065958,4.9010573e-06,0.004774291,0.0005756873,0.939253,0.0013262526
0.0030596019,1.9412211e-05,0.016944855,4.058439e-05,0.011477266,0.96845824
0.0009384769,5.5148166e-06,0.00095078256,0.005913289,0.992184,7.960922e-06
8.228144e-05,9.0954984e-08,5.5711025e-06,0.00016688828,0.05672649,0.94301873
0.010716837,3.2124256e-06,0.0011291327,0.0009555265,0.9871881,7.1440904e-06
0.0040757726,1.0502877e-06,0.012125941,0.00042138505,0.33604255,0.64733326
0.00022934751,8.230272e-06,0.4145876,0.0005250425,0.013151864,0.571498
7.0126116e-06,1.2996178e-07,0.0011465574,0.00017722476,0.00019531665,0.9984737
0.0014091016,7.606144e-08,0.00013511097,0.00015336779,0.16337387,0.83492845
0.015096416,2.8951321e-05,0.17759395,0.012242231,0.73368466,0.06135373
0.0126712965,4.7205813e-06,0.00041395114,0.0016295336,0.95538664,0.029893883
0.00017217925,7.064139e-09,7.1092145e-06,2.157633e-06,0.9998184,2.0641508e-07
7.067038e-05,6.0151826e-05,0.9865262,4.2575048e-06,0.013335267,3.4881282e-06
0.009545343,7.2285334e-06,0.7939087,0.00023861672,0.18710832,0.009191866
4.167267e-09,6.368476e-11,1.8424537e-09,9.28543e-08,1.6942656e-07,0.99999976
0.0067003705,2.137058e-06,0.00055353733,0.00050833967,0.9894204,0.0028151886
0.0007463745,5.570337e-08,1.8259992e-05,0.0029776841,0.9961802,7.737916e-05
0.049973555,2.2475115e-06,0.17308542,0.0043540364,0.509333,0.26325175
0.0011468626,1.3490636e-06,0.84249014,0.0006088534,0.15348066,0.002272102
0.00096048525,0.0033402068,0.9542618,0.00059427484,0.0017695316,0.039073758
0.023230482,5.051295e-06,0.0013859543,3.1507312e-05,0.9723168,0.003030267
0.021634152,8.9004425e-06,0.00447844,0.077515416,0.81129897,0.085064135
0.0051986524,1.5955154e-06,0.0001252147,0.00070845964,0.801135,0.19283101
0.00088299526,4.6368643e-07,3.3640998e-05,0.00039020297,0.998692,6.684915e-07
1.1255422e-06,1.2369823e-08,1.7139979e-06,9.495663e-06,0.00016327437,0.99982446
0.0009304966,2.3056677e-06,0.00047700433,0.018230548,0.9769305,0.0034291863
1.2971892e-06,0.009961834,0.00092330994,0.019965334,9.765782e-05,0.96905065
0.004298179,1.9430297e-05,0.0066518574,0.00024110275,0.018386582,0.9704029
0.000110291,4.447076e-06,0.00215104,5.0445564e-05,0.034587577,0.96309614
0.111590445,4.3684402e-05,0.003073872,0.04435905,0.8407736,0.00015940111
0.0014072189,4.9006876e-06,0.0004277698,0.0026894626,0.99546343,7.23089e-06
0.0060748192,2.8830864e-06,0.004238916,0.014524665,0.16239248,0.8127662
0.0006174655,1.489268e-07,0.0007873429,3.7255235e-05,0.064551465,0.93400633
0.0034485527,0.0002674942,0.00037474584,0.00063803676,0.09307151,0.9021996
0.0016801335,0.0018133046,0.012977223,0.25175017,0.72454554,0.0072336183
0.07808282,5.42482e-06,0.00044644257,0.0012264854,0.92017126,6.756718e-05
0.003073167,2.2183267e-06,0.000202933,0.0016223869,0.46097946,0.5341199
0.028611949,2.9340208e-06,0.00016204146,0.0018117331,0.9692276,0.00018376681
0.06759571,5.4335983e-06,0.007984006,0.00046447807,0.9237836,0.00016688836
0.030155329,0.00012194995,0.0003907312,0.036316004,0.7315487,0.20146726
6.787834e-05,1.708639e-07,0.9871759,1.437362e-05,0.012741204,5.745567e-07
0.0131771825,0.0002926197,0.0009396051,0.027014008,0.2609114,0.6976652
1.5189566e-05,3.654117e-08,0.00059046247,0.0002709193,0.0003603227,0.9987631
0.027848983,1.3389687e-05,0.01933138,0.00066712085,0.9520903,4.880255e-05
0.011652209,4.5521974e-06,0.8231917,0.0007977273,0.13286172,0.0314922
0.0022974722,4.8907676e-08,0.0003603253,0.0013346602,0.1929778,0.8030297
3.0678698e-06,1.4294279e-08,4.022859e-06,2.2907738e-05,2.386043e-05,0.9999461
0.003425414,4.7156627e-05,0.00013051045,0.01921921,0.4013943,0.57578343
1.03841664e-07,6.435923e-10,3.0849197e-08,6.525163e-07,1.1072547e-06,0.9999981
0.013957031,8.806098e-07,0.0001761736,4.5668903e-06,0.9845213,0.0013400116
0.009071854,1.2451875e-07,9.319356e-06,7.3776995e-05,0.9908448,1.6622913e-07
0.14230596,2.3134567e-06,0.0048645264,0.40244797,0.44126958,0.009109627
0.010032753,6.3995403e-06,0.028246885,0.180149,0.1620217,0.61954325
8.626826e-06,0.0076138997,0.0012718504,0.0773155,0.0011732987,0.91261685
0.011752851,2.120957e-05,0.008724435,0.0017870718,0.5651637,0.41255075
0.15342142,4.8913835e-06,0.0015159312,0.01134196,0.64155614,0.1921596
0.0015458297,4.9740843e-06,0.0039395015,0.0015753716,0.15673491,0.8361994
0.004188872,4.449095e-07,0.00010250349,0.0010265654,0.99465454,2.7007189e-05
9.103387e-05,3.465136e-07,0.013287729,0.00012359902,0.008557258,0.97794
0.011557168,2.5611405e-07,4.9685525e-05,0.0062463367,0.8194377,0.16270895
0.010002092,2.2069771e-05,0.004169057,5.0683928e-05,0.98575574,3.7126196e-07
0.0005602363,2.6347005e-08,1.3680358e-06,0.00034235654,0.32758772,0.6715083
0.0128657725,9.50566e-07,0.00071493076,4.974683e-05,0.97447896,0.011889739
2.8362463e-05,7.1361484e-08,0.00052487507,2.881463e-05,0.00057144347,0.9988464
0.123093896,0.00010527577,0.45831728,0.00048586263,0.41786057,0.00013701785
0.04211735,1.8753045e-06,9.8315315e-05,0.0004231307,0.95735264,6.7343935e-06
0.008305111,9.784067e-05,0.0012678809,0.001848536,0.63955265,0.348928
0.009050208,6.6428154e-05,0.00610381,0.0077900197,0.9769533,3.6274665e-05
0.016210353,4.5667227e-07,0.0006025758,0.00014875541,0.98302585,1.1984433e-05
0.013620762,9.213719e-07,6.8531626e-05,0.0016233647,0.9846821,4.3587847e-06
0.00551443,5.2909268e-06,0.92934376,0.00018845926,0.059542753,0.005405379
0.016959561,1.6200744e-06,0.012958063,0.0004619987,0.37501925,0.59459955
2.0853147e-06,3.7081645e-07,0.00018125615,7.021516e-05,1.1717401e-05,0.99973434
0.0056571923,5.4872658e-06,0.9295552,0.00018087163,0.06054694,0.0040543997
0.029411498,9.128729e-07,0.00036750647,0.0061779567,0.9149832,0.04905895
4.0167623e-05,2.9659694e-05,0.0030250594,0.0003107469,0.001201844,0.99539256
0.09930525,4.9683713e-06,0.49548134,6.595637e-05,0.3472163,0.05792609
0.23769851,0.00011793056,0.006472223,0.04375379,0.7118628,9.478373e-05
0.0062432545,1.5068714e-07,0.00010106421,3.2097178e-05,0.9927643,0.0008592268
0.007585376,2.1670448e-06,0.00012583744,0.00091957534,0.9913634,3.7198092e-06
0.013544585,5.3395574e-06,0.064530365,4.8809026e-05,0.27867827,0.6431926
0.6390565,9.8030705e-06,0.00876041,0.011011368,0.34112427,3.7655926e-05
0.029756565,5.755022e-05,0.0023930487,0.06553428,0.74236137,0.15989724
0.00032091985,6.096976e-07,0.000107149564,0.0024015566,0.032007996,0.9651618
0.14063673,1.7571849e-06,0.1266995,0.0055237818,0.617026,0.11011226
0.19685222,2.705239e-06,0.10060733,0.00017666108,0.6611222,0.041238863
1.3150324e-07,7.33837e-09,3.996356e-07,3.023294e-06,6.852496e-06,0.9999896
0.000435946,7.149537e-06,0.0014113252,0.5112559,0.08692042,0.39996922
7.5685284e-06,8.417467e-09,8.8752245e-07,0.0006113938,0.0002041184,0.99917597
0.0016623256,1.2193416e-05,0.17166379,0.000938858,0.04082743,0.7848954
0.038113765,6.0899943e-06,0.70590055,0.00022910557,0.23947117,0.016279325
0.00021521591,3.308218e-08,2.6314865e-06,0.0010302919,0.12680846,0.87194335
0.005548403,1.088741e-05,0.0076006525,0.0026062455,0.9588377,0.02539616
0.027563924,2.725058e-06,0.022845378,0.0018689797,0.2483832,0.6993358
0.0030768604,4.833465e-06,0.94136935,0.00020523583,0.052628472,0.002715272
0.012167153,2.3263187e-06,0.00011441498,0.007978059,0.55125916,0.42847887
0.018194454,7.5298203e-06,0.0046700067,0.0016572456,0.46944392,0.5060268
2.9691524e-10,1.3548646e-11,5.34657e-10,2.0055928e-08,2.4085072e-08,1.0
0.0021958584,0.004065199,0.016674252,0.20889767,0.72926056,0.03890647
0.01008717,9.2733335e-06,0.00032269614,4.9283408e-05,0.056829866,0.9327017
0.020510202,9.768939e-06,0.005220083,0.00343757,0.9433074,0.027514923
5.89005e-05,0.0048681973,0.06857778,0.0007245656,0.0007300931,0.9250404
0.0018817529,2.1020485e-07,1.40466655e-05,7.801728e-05,0.9821237,0.015902266
0.0036770166,1.4726219e-06,1.5921905e-05,0.03397455,0.4755866,0.48674455
1.3437248e-05,1.3047409e-09,7.183354e-07,0.00027393206,0.0019461305,0.9977658
0.020939814,7.4403456e-06,0.00029349435,0.00013758361,0.5062877,0.4723339
2.9050807e-05,0.008309385,0.94289315,0.0007715183,0.0004263641,0.047570594
0.014157723,4.9044825e-06,0.0002057804,0.004691842,0.9809303,9.4337065e-06
0.0019315827,2.0563148e-06,7.1794246e-05,8.225906e-05,0.17874181,0.8191705
0.00030034044,3.2147054e-06,0.96647704,0.00028518142,0.029783502,0.0031507846
0.032768443,5.417188e-05,0.52296203,0.00047861465,0.2673699,0.17636685
1.2599016e-09,5.808038e-10,0.99999917,6.4534833e-10,8.6408767e-07,1.4851584e-09
3.411698e-05,0.026678,0.055217605,0.0005333298,0.00062921183,0.9169077
0.12800203,1.5220949e-06,6.6356166e-05,0.009812274,0.8533882,0.008729624
2.2657985e-06,1.8809887e-08,2.4230956e-06,2.1510054e-05,0.00034748754,0.9996263
4.0376824e-07,2.8866391e-09,1.06865365e-07,9.4968615e-05,1.4469547e-05,0.9998901
0.010835048,5.2564945e-07,0.000573769,0.00044981236,0.9881341,6.873493e-06
0.03865667,2.3998167e-05,0.024385171,0.04896238,0.8258428,0.062128913
0.015677223,4.6285902e-07,0.44076133,0.0074786097,0.536072,1.0269843e-05
0.00015914408,4.1186105e-08,8.517759e-07,0.00048885774,0.06088164,0.93846947
0.0015769536,6.5104535e-07,0.0073454077,0.00014187263,0.24988763,0.74104744
0.0025040272,0.02191083,0.7782824,0.00400038,0.19305685,0.00024546267
0.02364106,4.6772147e-05,0.07149773,0.000109670014,0.03068923,0.87401557
0.010575671,3.3990038e-06,0.00023900047,0.0006193849,0.87372696,0.11483566
0.0009282607,1.13516464e-07,0.0005515262,0.01610263,0.55612105,0.42629644
0.091422155,1.9066207e-06,0.0001824716,0.0017295253,0.9066547,9.140188e-06
0.12577818,0.00438279,0.00045952864,0.0016115321,0.4489807,0.41878727
0.0016779334,1.3527018e-06,0.13118817,0.0008110354,0.10902165,0.7572999
4.8580378e-06,1.5604188e-08,4.5888423e-06,4.428897e-05,0.00017061483,0.9997756
0.031802963,1.3842427e-05,0.3712642,0.013462143,0.5763148,0.007141962
0.19843107,8.2623524e-07,0.00028262378,0.0054414333,0.79491097,0.00093301927
0.00013156157,2.921895e-08,1.1003067e-06,0.0002909003,0.041898612,0.9576778
0.0011906148,1.15291305e-05,0.25921613,0.00037729112,0.03413245,0.705072
0.0060748192,2.8830864e-06,0.004238916,0.014524665,0.16239248,0.8127662
3.6941152e-08,7.4263376e-08,0.9999672,1.12986305e-08,3.260613e-05,3.7811343e-08
0.0009296578,1.224293e-07,3.7784244e-05,0.007752669,0.026175717,0.96510404
0.0037495755,0.0303248,0.016093753,0.33331767,0.5242826,0.092231594
0.00018880508,1.3630495e-05,0.7660471,0.00018931081,0.0069651497,0.22659594
0.00054361427,0.005927474,0.77795786,0.002868821,0.0016203498,0.21108194
0.0011367978,2.5218484e-05,0.059967835,0.00049408816,0.93168855,0.006687522
0.00037734697,2.2737806e-08,2.0624323e-06,8.220232e-06,0.9996117,6.763787e-07
0.00021643992,2.7088072e-07,0.0056087184,0.00016770541,0.092201665,0.90180516
0.00014215775,5.8087567e-06,0.9917778,2.1641818e-05,0.0079592075,9.3351126e-05
5.564517e-05,7.657197e-05,0.004744624,0.00028752015,0.0010437132,0.993792
0.0022713288,4.5639393e-07,0.01134997,0.010660328,0.17614639,0.7995715
0.0022713288,4.5639393e-07,0.01134997,0.010660328,0.17614639,0.7995715
0.006434619,1.2645509e-05,0.010850071,0.00098223,0.3447594,0.6369611
0.015457624,8.8101916e-07,0.00012431391,0.004422234,0.34454787,0.6354471
0.0019467825,0.03943878,0.21488976,0.0046739243,0.0007654883,0.73828524
0.023049278,1.7262751e-05,0.0010903269,0.0043894756,0.9714472,6.510599e-06
3.124207e-05,1.09103105e-07,1.771594e-05,4.953258e-05,0.010145385,0.98975605
0.020903891,3.095638e-05,0.06537022,0.00023792997,0.28704646,0.62641054
0.003906316,1.5978547e-06,0.0001620572,0.00023118337,0.99565387,4.495782e-05
5.6431825e-05,2.1640037e-08,0.00022757864,0.002714581,0.21468925,0.78231215
0.04560982,1.1348732e-05,0.21353981,0.0015485126,0.6226245,0.116665974
0.12234103,8.243484e-05,0.74939984,0.0022560377,0.12589818,2.2456536e-05
0.0007690907,0.0010123381,0.5366736,0.0058502983,0.019893387,0.43580124
0.0027176393,3.1516444e-07,1.3124271e-05,4.1049683e-05,0.33343717,0.66379064
0.0011878383,0.0013401738,0.011433231,0.2210559,0.757108,0.007874877
0.00050688226,2.2727741e-07,0.0030583786,0.0024654737,0.0150507875,0.97891825
0.007987307,1.5770714e-06,0.82747036,0.0018521264,0.16211644,0.00057223794
0.0017227845,2.1357186e-05,0.002049678,0.001424736,0.26206583,0.73271567
0.008792208,4.6257724e-06,0.1631576,0.001302389,0.824599,0.002144116
0.0017809442,0.0059347227,0.8461062,0.010293738,0.07693051,0.058953978
0.010550769,0.0005659116,0.18225856,0.000586262,0.65804195,0.14799654
0.0038904406,6.2009417e-07,7.757145e-05,9.6083015e-05,0.9959091,2.625331e-05
0.0017187323,7.1006107e-06,0.0015117712,0.00030762848,0.9203955,0.07605917
0.00042086132,0.0013946525,0.27245417,0.0041222037,0.001123912,0.72048426
0.4198249,0.029275816,0.0014328274,0.00028381785,0.52910227,0.020080388
0.033566073,0.0006286622,0.39259523,0.004290599,0.50406754,0.06485193
4.3878443e-11,4.922375e-13,1.4682896e-11,2.4649682e-09,1.4544555e-08,1.0
0.0013199373,0.00026818592,0.9615743,0.00017050284,0.018550957,0.018116154
0.0054955045,5.9586973e-06,0.00052186253,0.0008157836,0.45128205,0.5418789
2.9436806e-05,0.011237073,0.009924711,0.11769538,0.0006816725,0.86043173
0.0024900883,4.914318e-06,8.8483175e-05,0.0024705762,0.111545734,0.88340014
1.7790069e-07,8.6951735e-09,0.99993277,2.720287e-08,6.7012814e-05,9.4409875e-09
0.0017227845,2.1357186e-05,0.002049678,0.001424736,0.26206583,0.73271567
0.013736444,1.0490129e-05,0.0006887775,0.11052221,0.8749637,7.836723e-05
0.060724456,3.8836884e-06,8.9439396e-05,3.4592165e-05,0.8783304,0.060817298
0.0024600306,8.405352e-07,5.1886895e-05,0.025957339,0.97150075,2.9178114e-05
0.00927195,4.512244e-06,0.76715434,0.0004570809,0.20742853,0.015683677
0.02333805,1.2671273e-07,0.028697949,0.00045309647,0.947506,4.6885243e-06
0.0009510405,3.5971268e-06,0.0013949525,0.0007730518,0.030451477,0.96642596
8.2776714e-05,4.348799e-06,0.5932701,9.177396e-05,0.0034543825,0.40309656
0.00018409405,1.1043462e-07,3.4293923e-06,0.0019966953,0.0702883,0.9275274
0.015270553,3.2528704e-05,0.58930874,0.00015069821,0.39027032,0.0049671
0.12492638,4.874964e-07,0.0031464752,0.002258095,0.8696683,2.820272e-07
0.00014079684,1.9423338e-07,2.3796907e-05,0.00015002846,0.99968255,2.6517343e-06
0.020717856,7.927051e-06,0.0028221852,0.027466156,0.5301427,0.41884312
0.08572758,1.0068029e-05,0.025756465,0.013524567,0.84327537,0.031705976
0.07437979,0.00016277305,0.0022362466,0.00076477224,0.81094176,0.11151468
0.010047182,0.000281326,0.15885435,0.00018380037,0.43923295,0.39140043
0.0024316625,4.687558e-07,4.61709e-05,0.00040279637,0.9971175,1.375804e-06
0.015957888,9.49578e-07,0.6809084,0.0015452898,0.2401212,0.06146623
0.004298179,1.9430297e-05,0.0066518574,0.00024110275,0.018386582,0.9704029
2.4642884e-06,9.817015e-09,2.603526e-07,4.0593536e-06,0.0005851201,0.9994081
0.03865667,2.3998167e-05,0.024385171,0.04896238,0.8258428,0.062128913
0.116020724,0.0003536224,0.04414145,0.09320314,0.72947955,0.016801469
0.0027860866,1.8268605e-07,0.00012536034,0.0002080865,0.48402146,0.5128588
0.22309256,0.00013889656,0.71323895,0.0026146383,0.06074631,0.0001685692
0.99634176,1.715932e-07,1.881747e-05,1.7802663e-06,0.0036051122,3.245373e-05
0.0006579928,0.010405767,0.03794145,0.0113094095,0.0012221094,0.9384633
0.0017626862,1.2161796e-06,0.0029017373,0.0027968304,0.018307678,0.9742298
0.0012589927,4.301381e-06,0.0013955669,0.0005729465,0.050317988,0.94645023
0.0033091316,3.294219e-05,0.5948484,0.0005240347,0.059199806,0.3420857
0.0085432585,2.9505087e-05,0.009585312,6.154223e-05,0.96368235,0.018098067
0.0108919265,3.673118e-05,0.031209858,0.0009869569,0.17816074,0.7787138
0.03957505,1.6833921e-05,0.00012299557,0.00010238005,0.7538802,0.20630261
0.05367933,4.011422e-06,0.054432593,0.0008991936,0.2883517,0.6026331
0.0020934434,6.2727037e-07,5.6509845e-05,0.0010688241,0.4700152,0.5267654
0.0035201325,0.0065496564,0.91387355,0.0014722989,0.006470425,0.0681141
0.05355463,6.1658984e-06,0.049195208,0.026389968,0.8665258,0.004328175
0.011468648,1.4815963e-06,0.040760726,0.0047648465,0.9429994,4.7994563e-06
0.022011256,4.0428044e-06,0.007129666,0.00038634738,0.96771073,0.002757983
0.008412318,4.186312e-06,0.0005247107,0.00022460152,0.9658601,0.024974152
0.008918701,1.01906435e-05,0.010186554,0.006410191,0.30701002,0.6674644
0.0020451623,1.4000707e-05,0.0003736225,0.63364273,0.36330363,0.0006208248
0.004611868,7.5219386e-06,0.0016969042,0.00021717069,0.9894577,0.0040086834
0.00015713356,9.659381e-06,0.5509152,0.00020110246,0.008994502,0.43972245
0.0131556615,0.00044604472,0.043651808,0.0006860881,0.16867417,0.77338624
0.00019096381,2.1565824e-05,0.03714807,1.5660293e-05,0.0012373279,0.96138644
0.12783839,0.16383418,0.15675506,0.0016441514,0.5496365,0.00029179602
0.02024303,6.070843e-05,0.055442967,0.85505074,0.039226376,0.029976156
0.010624926,1.745745e-07,1.9133602e-05,0.01451868,0.97248375,0.0023533904
7.0126116e-06,1.2996178e-07,0.0011465574,0.00017722476,0.00019531665,0.9984737
0.019235833,6.61974e-07,0.0009267741,0.028319933,0.65491116,0.29660565
2.2931066e-05,0.08793513,0.14898929,0.0018475233,0.0008733859,0.76033175
0.0003093606,0.0065212925,0.6459027,0.021166101,0.004440727,0.32165983
0.00012387114,7.0720624e-08,1.5538817e-06,2.15242e-05,0.02528239,0.97457063
1.12433305e-07,3.6555537e-08,0.9998611,4.10336e-08,0.00013873067,1.4991636e-08
0.00024263198,2.931295e-08,3.377087e-06,0.00041105575,0.09190015,0.9074428
0.0018422848,0.010398061,0.91333896,0.0019218893,0.009539978,0.062958874
0.009204849,2.6621549e-06,0.07391241,0.001485894,0.1475293,0.7678649
0.0026310973,2.6565615e-06,0.00024768114,0.033484828,0.42377636,0.53985745
0.03702386,1.2033105e-06,3.541007e-05,0.0013930034,0.96151626,3.0248984e-05
0.00057723594,7.112742e-07,0.98693323,8.005247e-06,0.012480544,2.6071214e-07
0.00037734697,2.2737806e-08,2.0624323e-06,8.220232e-06,0.9996117,6.763787e-07
0.008700533,2.1801328e-05,0.0076655066,0.00055744534,0.95286804,0.030186774
7.3733395e-06,5.743546e-06,0.9997259,6.870065e-05,0.00018935383,2.95987e-06
0.0060748192,2.8830864e-06,0.004238916,0.014524665,0.16239248,0.8127662
0.032597207,4.8290076e-06,0.0012442908,0.00058832834,0.89262956,0.07293576
7.9793426e-05,2.282929e-08,1.0017637e-06,0.00092326954,0.04482467,0.95417124
0.03472587,3.3021151e-06,0.02527365,0.00040499048,0.9369718,0.002620367
0.049737502,1.0821942e-05,0.10953627,0.003224977,0.8359508,0.0015396763
0.002600819,4.5938255e-06,0.97507846,8.562395e-05,0.014417804,0.007812725
0.0031692102,5.818999e-06,0.00523105,0.0013404295,0.5092491,0.48100445
0.09290821,4.3526275e-06,0.71920735,0.00016704648,0.17697996,0.010733074
0.018861018,3.2980852e-06,0.00041492548,0.00033189383,0.93417513,0.046213675
0.35399047,3.5243487e-05,0.25927046,0.0016713194,0.3381628,0.04686968
6.8220033e-06,6.171144e-09,7.19038e-07,3.6764727e-06,0.002113445,0.99787533
0.00081798417,2.4071831e-05,0.0012031359,0.0051194495,0.1788778,0.81395763
0.021575069,1.4553352e-05,0.009599495,0.0009753157,0.8288255,0.13901009
0.025684224,5.4393877e-07,0.02120891,0.0010581843,0.93510634,0.016941844
0.0076544485,4.740806e-07,7.3289564e-05,0.26246944,0.25854298,0.4712593
0.0011898495,1.27639005e-05,0.00043863695,0.0014709111,0.4414108,0.555477
0.0072393958,1.7558024e-06,0.0029067867,0.00022963008,0.96461415,0.025008203
0.009338799,1.1443241e-07,0.00026814538,0.00242597,0.9840971,0.0038698665
1.13411135e-10,2.6874716e-13,2.1562236e-11,1.9021187e-09,5.268194e-08,1.0
0.04493234,0.019746006,0.013374905,0.004654808,0.012410116,0.9048818
0.0001744942,0.0052297986,0.8836858,0.009274546,0.0031597374,0.098475434
0.023797954,0.00012824293,0.17380886,0.0017254851,0.3634109,0.4371285
0.00024830777,1.3053241e-08,7.542683e-06,0.019023692,0.004382074,0.97633845
1.3052551e-06,3.7708595e-08,2.3995344e-06,1.14528675e-05,0.00017711561,0.99980766
0.016826473,4.432293e-06,0.001487456,2.1389664e-05,0.9781456,0.003514634
0.026756631,6.970185e-07,2.7972397e-05,0.00045466688,0.97275454,5.420566e-06
3.2458212e-07,7.2217388e-09,1.0013501e-06,0.0003281457,4.312053e-06,0.9996662
0.001569978,0.00019847509,0.23637375,0.0005583629,0.012005402,0.74929404
0.0068066684,1.3741057e-07,6.596154e-07,0.0005462631,0.9885876,0.004058651
0.0030915427,6.378417e-07,0.00039376292,0.007145704,0.9458705,0.04349775
0.00058916037,2.0484853e-08,9.241114e-07,0.00022551937,0.24940807,0.74977636
0.0050460463,1.046335e-06,0.0014540453,0.05729612,0.03617056,0.9000322
0.00057723594,7.112742e-07,0.98693323,8.005247e-06,0.012480544,2.6071214e-07
0.0005489802,0.0016307404,0.019997822,0.00026257065,0.0021853624,0.9753745
0.17905653,0.00014071859,0.057836544,0.008344934,0.7354921,0.019129207
0.0167102,2.3478253e-06,1.3075999e-05,0.00059148914,0.98099476,0.0016881345
0.009438524,3.2473574e-06,0.0027550915,0.0023428316,0.9779243,0.0075360285
0.011521019,9.2878036e-05,0.5637181,0.00014515196,0.42278898,0.0017338262
0.026030865,3.2092075e-06,0.6788495,0.0016306128,0.25220317,0.041282628
0.005971594,0.00012332521,0.0009567611,0.005606622,0.08166112,0.90568054
0.22309256,0.00013889656,0.71323895,0.0026146383,0.06074631,0.0001685692
0.0015347305,2.9537625e-07,5.0605695e-06,8.6537926e-05,0.67784625,0.32052705
0.0014229064,3.1985056e-07,0.40645158,0.0002113033,0.59191334,6.215532e-07
0.018861018,3.2980852e-06,0.00041492548,0.00033189383,0.93417513,0.046213675
1.0690808e-05,1.5802325e-07,0.013293246,6.7175286e-05,0.000116607924,0.9865122
0.0034433412,5.935284e-07,0.00042022113,0.00088691816,0.5009664,0.49428242
0.098390654,8.266637e-06,0.2026726,8.7683715e-05,0.6953813,0.0034595681
0.006519176,3.7452115e-05,8.538532e-05,0.00022131992,0.44243288,0.55070376
0.0020998355,3.2209593e-07,0.036718953,0.0014683652,0.021141969,0.9385706
6.7653884e-05,6.167674e-07,0.005123032,8.750922e-05,0.000661125,0.99406
0.02400635,7.176372e-05,0.0021193237,0.04083151,0.932732,0.00023909062
1.8498375e-05,0.00022071005,0.003760871,0.0007267162,0.00017215787,0.99510103
0.0018104027,4.9690893e-06,0.0002597901,0.0010166384,0.9969041,4.198279e-06
0.13494785,5.4145275e-06,0.50375354,8.085072e-05,0.35808042,0.003131957
0.00081798417,2.4071831e-05,0.0012031359,0.0051194495,0.1788778,0.81395763
0.018091343,1.7238966e-06,0.59713423,0.0063084587,0.37657732,0.0018869553
8.596804e-06,7.9761735e-09,9.1974776e-05,3.2383006e-05,2.9549923e-05,0.9998375
0.012838742,5.5913183e-06,0.6248764,0.0039072037,0.35340795,0.0049640522
0.17117901,9.043391e-06,0.041550547,0.0012375324,0.78421277,0.0018110913
0.009385155,1.9582344e-06,0.0012526793,0.017244902,0.08204549,0.8900698
0.00020917939,3.656134e-07,0.052076966,6.417897e-05,0.0012589442,0.94639033
0.07753448,0.0006734036,0.06441959,0.056203406,0.38777438,0.41339466
0.00011969487,3.670686e-07,0.0007005861,1.4128898e-05,0.009597541,0.9895677
9.555512e-05,1.0540103e-06,0.007377663,9.525433e-05,0.0059541254,0.9864763
0.053962007,4.641221e-06,0.00042300293,0.0016243142,0.9327452,0.011240801
0.032416984,5.3277486e-06,0.07681273,0.0042429618,0.13967346,0.7468485
0.08743945,3.4314069e-06,0.032547392,0.0025669874,0.68413746,0.19330528
0.0014626438,2.573568e-06,0.8017131,9.03307e-06,0.19681162,9.619895e-07
0.00047140784,1.2224169e-08,1.0349842e-06,0.000171952,0.38571885,0.6136368
0.00097143196,8.270935e-08,5.3175377e-06,0.00028786296,0.99737954,0.0013557227
5.146614e-05,0.00032491825,0.9977639,1.4140453e-05,0.0015260793,0.0003196192
2.8154764e-08,2.7977945e-08,0.9999831,1.5005386e-09,1.695634e-05,2.2877657e-08
1.9027251e-06,2.3784208e-09,3.5832693e-07,1.2727846e-05,0.00013416485,0.99985087
0.00011202781,0.008207792,0.034521554,0.0011963744,0.0018954665,0.95406675
0.0012427773,8.6263896e-08,1.9515974e-05,1.0046853e-05,0.99842876,0.00029873682
0.021125736,2.2387958e-05,0.0004589903,0.00019842795,0.97049767,0.0076967464
0.008134797,4.7411733e-05,0.021102158,0.0027528086,0.20956118,0.7584016
0.033572696,2.4290515e-05,0.17888667,0.0006882122,0.73273337,0.054094724
0.06123678,1.7333539e-06,0.00035117948,0.0006112286,0.9377581,4.0990588e-05
0.0032941196,1.1949743e-07,1.1430113e-05,0.00034757284,0.99634546,1.2595405e-06
0.025694689,0.00013535985,0.290304,0.021813743,0.4870284,0.17502385
0.00017217925,7.064139e-09,7.1092145e-06,2.157633e-06,0.9998184,2.0641508e-07
0.33608562,6.432287e-06,0.42813578,7.182469e-05,0.2155779,0.020122532
0.0020990046,7.154513e-06,0.000218775,0.0027275458,0.40156943,0.5933781
0.0006739331,3.8430967e-06,0.0004923343,0.00047327933,0.056918032,0.94143856
0.06973623,0.00025601915,0.13364841,0.0007676675,0.5174576,0.278134
0.00041123,1.7476032e-07,0.00014471603,3.051527e-05,0.03361787,0.9657955
0.00019096381,2.1565824e-05,0.03714807,1.5660293e-05,0.0012373279,0.96138644
0.00010380894,1.0245027e-05,0.9905633,2.0196092e-05,0.009297448,4.97844e-06
0.000319652,0.0037768285,0.07556718,0.00766105,0.00740559,0.9052697
0.016803838,5.198459e-07,0.0291142,0.08321372,0.8416002,0.029267436
0.0031540361,2.1784056e-06,0.000495553,0.0004965164,0.64219207,0.35365966
0.0012375342,3.014625e-07,0.9074067,0.0003769049,0.09087234,0.00010634883
0.011641892,1.7249629e-06,6.7938156e-05,0.00040600085,0.98787814,4.2269194e-06
0.003695487,1.0914306e-05,0.00036705422,0.0048210444,0.53436315,0.45674238
0.007302414,3.4728862e-05,0.6073938,5.8426078e-05,0.3721767,0.013033856
1.9602174e-05,0.048079778,0.009999698,0.028593924,0.0012946008,0.9120124
0.092868716,2.5612549e-06,0.019639416,0.001050175,0.58160293,0.30483615
0.029411498,9.128729e-07,0.00036750647,0.0061779567,0.9149832,0.04905895
0.016199939,8.0207445e-07,0.005016019,0.0007711206,0.9718987,0.006113403
0.0009344124,5.750999e-06,0.9274663,0.00021235278,0.057972625,0.013408565
0.00023900328,8.467747e-08,3.0835545e-06,2.7162323e-05,0.025554622,0.974176
0.011984446,6.4877318e-06,0.897016,9.61486e-05,0.089942984,0.00095405424
0.01037501,1.8644045e-05,0.009575274,0.0012403219,0.67906666,0.29972413
2.3161292e-06,3.3112123e-08,2.241609e-06,1.1752161e-05,0.00012154338,0.9998621
1.4285663e-05,5.1801665e-09,7.254034e-07,2.4483852e-05,0.030605577,0.969355
0.009632213,1.8512445e-05,0.0035603386,0.04649136,0.94025624,4.1386364e-05
0.0060475115,4.0524978e-05,0.0045048585,0.00782661,0.9815322,4.837275e-05
0.00032099933,1.728642e-05,0.8797543,0.00015079159,0.0120589,0.107697606
0.015734056,3.6157744e-05,0.11584412,0.0034709466,0.1592493,0.70566547
0.00062307785,3.6747923e-07,4.7772854e-05,0.015407449,0.030488022,0.95343333
0.05605217,0.00015157455,0.00014653051,0.03872932,0.8810393,0.023881072
0.0011381981,1.1431754e-07,2.9877296e-05,0.0038760675,0.9940492,0.00090650225
0.4198249,0.029275816,0.0014328274,0.00028381785,0.52910227,0.020080388
0.07394993,0.00046598588,6.285649e-05,0.0006061628,0.88513297,0.039782085
0.17097741,8.66389e-06,0.00023390351,0.0006442566,0.8280119,0.00012386664
0.0064409776,2.6309576e-07,0.0005217132,0.0002001068,0.99282324,1.3707552e-05
0.005328457,1.7250932e-07,0.036545515,0.00088564574,0.6871519,0.27008832
2.6372307e-05,9.39486e-09,7.062733e-07,0.00025094664,0.0014088536,0.99831307
6.2760264e-05,2.216076e-08,2.4061726e-06,0.00037316896,0.012986062,0.98657554
0.009338799,1.1443241e-07,0.00026814538,0.00242597,0.9840971,0.0038698665
0.004554586,0.00016003835,0.016889224,0.016331363,0.06024457,0.9018202
0.028952451,5.2660143e-06,0.0010967145,0.0020919081,0.37894082,0.58891284
0.00084514695,1.2936988e-06,0.003961672,1.1924258e-05,0.073125266,0.92205465
6.849056e-06,7.0196285e-07,0.9989102,0.000133864,0.0009480672,3.2930095e-07
0.012277857,3.0000894e-05,0.0016960386,0.029430091,0.954969,0.0015970581
0.35399047,3.5243487e-05,0.25927046,0.0016713194,0.3381628,0.04686968
0.1695596,2.7827784e-05,0.07676592,0.014010862,0.73954296,9.279299e-05
0.00096177345,4.917381e-06,0.15563129,6.384112e-05,0.03873828,0.8045999
0.0010700882,1.0849755e-05,0.0002057017,0.0005075009,0.08181024,0.91639555
0.00088612264,0.0156247085,0.009331158,0.0013398492,0.0008025483,0.9720157
0.024823466,0.005287956,0.7788252,0.0001651122,0.19089046,7.780252e-06
0.024262749,3.2595224e-05,0.5731426,4.1779203e-05,0.3972785,0.0052418285
0.0009466013,0.0018903736,0.88760984,0.0032619382,0.015855946,0.09043528
0.02869764,1.1980369e-05,0.000837446,0.00029853763,0.9638243,0.006330131
2.293709e-06,5.8670615e-09,2.2154319e-07,3.6872668e-06,0.00086624135,0.99912757
0.005654722,0.00086415606,0.0021444745,0.00048606255,0.017955633,0.97289497
0.0005116933,0.009556495,0.88293666,0.011879023,0.00576082,0.089355424
0.0018970983,2.0109078e-07,2.0887732e-05,0.00073378696,0.9967956,0.0005524057
0.0052941376,1.894939e-07,4.700569e-05,0.0018558977,0.99242944,0.00037342188
0.00020533695,0.006753134,0.073709615,0.00014065401,0.000823769,0.91836756
0.09920223,5.3619924e-06,0.0024195411,0.00050688005,0.89783347,3.256805e-05
0.0022713288,4.5639393e-07,0.01134997,0.010660328,0.17614639,0.7995715
0.00081798417,2.4071831e-05,0.0012031359,0.0051194495,0.1788778,0.81395763
8.313883e-05,5.144254e-09,6.501291e-07,7.94258e-05,0.0064837197,0.993353
0.05661709,2.9131468e-05,0.22822945,0.34213686,0.1451737,0.22781377
0.00074791914,0.008040942,0.0054678274,0.00032779036,0.00044698213,0.9849686
2.0030848e-05,9.0119e-09,1.7023264e-06,0.00018835813,0.004399541,0.9953903
0.018846752,1.4886451e-06,0.0006765265,0.00048759524,0.912282,0.067705564
0.018028608,8.0692036e-05,0.00018889808,0.00027417895,0.7814246,0.200003
0.0010558453,1.8687328e-07,6.2697527e-06,0.0013238126,0.010642273,0.98697156
0.0034433412,5.935284e-07,0.00042022113,0.00088691816,0.5009664,0.49428242
6.950013e-05,0.4216864,0.011809468,0.0012450614,0.00067607395,0.56451344
0.032628145,4.6370146e-06,0.009809827,0.005120654,0.6551609,0.2972758
0.00017140138,4.047473e-06,0.00509664,8.416216e-05,0.0086593935,0.9859844
4.388541e-06,4.348517e-08,8.405513e-06,1.5042225e-06,0.00056927785,0.99941635
0.0017650012,4.9041746e-06,0.93700975,0.00011968865,0.020692097,0.04040843
0.025903538,7.6304667e-07,0.59845924,0.0036915424,0.34088954,0.031055445
0.011400597,8.41191e-07,3.346174e-05,0.00017760288,0.98836297,2.4507082e-05
9.329416e-05,5.6099816e-05,0.98723304,2.2462033e-05,0.011975525,0.00061965006
1.0232592e-05,0.0034753256,0.99318486,0.00014806032,0.0011458993,0.00203562
0.032246362,0.0001188246,0.00031428642,0.042096037,0.71756667,0.20765781
0.0017151271,1.1307722e-05,0.0004432837,0.71109885,0.28632125,0.00041023828
0.0050394973,0.00033417618,0.023991918,0.0480626,0.25493103,0.66764086
4.6001064e-06,0.002288395,0.0038168298,0.002662175,0.00014915018,0.9910788
0.019410452,2.3728378e-06,0.017108018,0.0027934343,0.95595604,0.004729663
0.007390734,5.9774516e-06,0.00034140234,0.002955335,0.6768837,0.31242287
0.008918701,1.01906435e-05,0.010186554,0.006410191,0.30701002,0.6674644
0.00032091985,6.096976e-07,0.000107149564,0.0024015566,0.032007996,0.9651618
0.040555842,3.0142908e-06,0.048310746,0.020401396,0.88836455,0.0023644702
0.0057123243,8.310114e-06,0.038326044,0.0005982472,0.100077465,0.8552776
0.00298729,3.8697668e-05,0.009534686,0.00030096946,0.11433905,0.87279934
4.8679163e-07,0.000567809,0.00012494794,0.0014323132,1.8625544e-05,0.99785584
0.0015083699,2.3516604e-06,0.011471096,0.00025706866,0.97092,0.015841099
5.1422667e-05,1.1537088e-08,1.9575173e-06,0.00018175888,0.004879119,0.99488574
0.025349969,3.735335e-05,0.04888083,0.0014900636,0.92371565,0.00052611076
0.0001628044,3.0012322e-06,0.8921218,8.6652886e-05,0.023914007,0.083711684
0.1476045,1.4266436e-06,3.6472564e-05,0.000231114,0.8519327,0.00019374526
0.0022713288,4.5639393e-07,0.01134997,0.010660328,0.17614639,0.7995715
0.00046010988,2.1539727e-05,6.181605e-05,2.0234142e-05,0.124348335,0.875088
0.056845654,2.2545692e-05,0.16102336,0.00016836634,0.70464474,0.07729538
0.012223083,8.737254e-06,0.00019126326,0.0005568972,0.50654453,0.48047554
0.011479323,2.703901e-06,0.00029131968,0.0039276,0.9842158,8.331601e-05
0.0005228457,3.234346e-06,0.85122913,9.349145e-05,0.08563086,0.062520556
0.0008492684,0.04883594,0.8810927,0.0038310261,0.011411411,0.053979762
0.03018161,3.5166024e-06,0.038770903,0.01762014,0.90421474,0.00920915
1.9947771e-07,1.15518824e-10,9.721642e-09,6.401542e-06,1.023881e-05,0.9999832
0.0071425457,2.798878e-07,1.5884935e-06,0.00045898926,0.992034,0.0003625425
9.130918e-08,2.6212115e-06,0.9999927,1.1775333e-08,4.5884603e-06,4.407228e-08
0.001857179,1.0157355e-06,8.390155e-05,0.003982514,0.99407494,5.3308287e-07
0.02024303,6.070843e-05,0.055442967,0.85505074,0.039226376,0.029976156
8.298921e-07,2.1465471e-08,8.5391775e-06,0.0037537322,1.9434478e-05,0.9962174
0.19843107,8.2623524e-07,0.00028262378,0.0054414333,0.79491097,0.00093301927
0.010029855,4.5167844e-06,0.00023212176,0.0005449745,0.98918366,4.808248e-06
0.04144935,4.5173406e-06,6.764412e-05,0.004723339,0.9266689,0.027086327
0.0033733358,0.0028999578,0.10269996,0.02363934,0.006805945,0.86058146
0.011251219,0.0011077994,0.0010862886,0.048331022,0.36916497,0.5690587
0.015847493,5.3517153e-05,0.8966584,6.441619e-05,0.05299542,0.034380704
5.3607723e-06,5.6224953e-06,0.51138294,8.364856e-06,0.0005100479,0.48808765
0.020717856,7.927051e-06,0.0028221852,0.027466156,0.5301427,0.41884312
0.0014112457,7.73786e-05,0.00066172774,0.0006136172,0.08772505,0.90951097
0.010501401,1.2795538e-06,8.720649e-05,6.583181e-05,0.9788261,0.010518179
0.0003560001,2.8046782e-06,0.9606006,0.0001352165,0.038172882,0.0007325115
9.425278e-05,2.9804497e-08,0.0023606897,0.0018967971,0.0009621625,0.994686
0.033566073,0.0006286622,0.39259523,0.004290599,0.50406754,0.06485193
0.8733487,9.798172e-07,0.00047797972,0.00082853227,0.12528667,5.719187e-05
0.8733487,9.798172e-07,0.00047797972,0.00082853227,0.12528667,5.719187e-05
0.031802963,1.3842427e-05,0.3712642,0.013462143,0.5763148,0.007141962
7.231546e-05,2.7429703e-08,3.131319e-06,9.4298885e-05,0.016616505,0.98321366
0.00018978259,1.0838222e-06,2.1786369e-05,0.00010057768,0.0070408564,0.99264586
4.5456577e-06,1.2634505e-08,0.00033060747,1.6181391e-05,0.00017497635,0.99947375
0.028781839,4.768049e-06,0.0126041025,0.006237514,0.77325404,0.17911775
0.016124817,4.3381926e-05,0.02396987,0.00088198634,0.9550459,0.003934139
0.22269537,3.0260126e-05,0.027652094,0.0028228075,0.74605966,0.0007398694
0.9902507,6.901999e-08,2.829424e-06,4.7218762e-07,0.009745719,1.2749048e-07
0.04144935,4.5173406e-06,6.764412e-05,0.004723339,0.9266689,0.027086327
0.11349325,1.3475682e-05,0.00088820246,0.0023036713,0.88312376,0.00017760685
0.017798666,7.659429e-07,0.0132649,0.0006902486,0.85013324,0.11811226
0.0054442473,2.2678663e-05,0.008095548,0.0004966013,0.82456315,0.16137777
0.0017588839,1.2197509e-07,9.860594e-06,0.00058285607,0.99626094,0.0013872533
0.03692179,0.0004568502,0.039152686,0.0003587671,0.85411644,0.06899349
0.042991433,0.00018212433,0.0023596631,0.038992442,0.46437082,0.45110357
0.01268811,6.996238e-07,8.923892e-05,0.0015431808,0.98516023,0.00051844306
1.9039368e-05,4.1742347e-09,1.1871743e-06,0.00015755038,0.0029932286,0.996829
0.9985703,9.0618435e-08,0.0004687662,7.832416e-06,0.0009527965,9.90828e-08
0.02259394,2.0322965e-05,0.03505221,0.024596924,0.88346744,0.034269113
0.0015083699,2.3516604e-06,0.011471096,0.00025706866,0.97092,0.015841099
0.018846752,1.4886451e-06,0.0006765265,0.00048759524,0.912282,0.067705564
0.013228176,2.1834858e-06,0.0002535005,0.0021696524,0.98431325,3.3191292e-05
0.0023706243,4.95528e-05,0.94727683,4.8827143e-05,0.037589226,0.012664974
0.0004201641,1.0830646e-06,0.9627165,0.00033531807,0.032605775,0.0039210785
0.0017986386,3.997369e-05,0.00082514377,0.0020513632,0.71530443,0.27998045
0.033788223,7.276254e-07,0.00021425112,7.284607e-05,0.96006554,0.00585837
1.8246639e-06,1.2919777e-08,3.0949268e-05,1.7220548e-06,4.9064427e-05,0.99991643
1.2726505e-07,2.5981798e-08,0.99995446,3.0282028e-08,4.5365316e-05,1.5707374e-09
0.010822119,5.1146054e-07,0.030817112,0.026120352,0.02651627,0.9057237
0.01423434,2.2642898e-06,0.0014079276,0.0005541655,0.66830176,0.31549948
0.011576821,3.7916486e-06,0.00024491118,0.004837452,0.98328537,5.165893e-05
0.055802878,1.9734587e-05,0.09997782,0.020438993,0.71288687,0.11087374
0.0011283493,0.00012211638,0.25375384,0.048561715,0.04076668,0.6556673
0.073096514,4.1253687e-05,0.08632301,0.00043518486,0.4905271,0.34957698
0.0054012667,1.1779581e-05,0.085885026,0.0007491971,0.5006921,0.40726057
0.012551035,2.340087e-05,0.70730114,0.00012011568,0.25060043,0.029403783
0.000562397,3.40568e-07,1.03046e-05,0.0004141198,0.06238498,0.93662786
0.00021355558,2.2780073e-06,0.6114195,0.0002957923,0.05079322,0.33727574
9.9209814e-05,3.8853086e-05,0.994863,2.9123798e-05,0.004365378,0.0006043334
0.0030552102,8.1062353e-07,0.06624646,0.00043965792,0.5297252,0.4005327
0.02794557,8.0959726e-05,0.11075608,0.004339008,0.3373477,0.5195307
0.0007110595,3.2708515e-06,5.7924284e-05,0.0015872602,0.025091954,0.9725485
0.03283148,5.8361864e-05,0.18386562,0.00016122512,0.12641917,0.6566641
0.0113592325,7.713835e-06,0.00074691186,0.05119663,0.88802177,0.048667733
1.0305989e-05,1.0095142e-05,5.745057e-05,0.0013096542,0.0003402433,0.9982723
0.0029048943,8.558457e-08,7.122742e-06,0.0008252379,0.8790571,0.11720559
0.119591445,0.00084443367,0.01456051,0.0056162756,0.8417969,0.017590487
0.012506139,1.00076385e-07,1.3696378e-05,0.00010856743,0.98737025,1.2179447e-06
0.016124817,4.3381926e-05,0.02396987,0.00088198634,0.9550459,0.003934139
2.6597718e-06,3.0690742e-05,0.0008667415,0.00035846638,0.000105561376,0.9986358
0.10899912,0.001012287,0.008962232,0.0005184476,0.83485657,0.04565131
0.00097223336,8.619183e-07,0.00029140114,5.552135e-05,0.17009798,0.828582
1.2726505e-07,2.5981798e-08,0.99995446,3.0282028e-08,4.5365316e-05,1.5707374e-09
2.0364623e-05,8.8107996e-08,1.1056184e-05,0.0001711275,0.0021228064,0.9976745
0.0013277394,3.9924444e-07,2.0666064e-05,0.0003985911,0.9982508,1.7645958e-06
1.42809495e-05,6.8583496e-08,1.1253762e-05,0.01854923,3.850719e-05,0.9813867
0.0004953844,5.1944508e-06,0.94380194,1.0299717e-05,0.055687156,9.094336e-09
0.0046865395,7.5322407e-07,0.35231355,0.00035599698,0.16650884,0.47613433
0.03342122,1.5668448e-06,0.00025188996,0.00095985923,0.96531814,4.725593e-05
0.010141888,3.1226986e-07,1.117509e-05,0.00014750773,0.8974331,0.09226596
0.00093778205,8.696074e-06,0.94259125,4.7875234e-05,0.05344491,0.0029695383
0.01353278,5.6522254e-06,0.00036833226,0.0010159113,0.9358323,0.049244978
2.5744703e-05,0.08472186,0.003172898,0.01464635,0.00089016004,0.896543
0.021566398,4.5110735e-07,9.8201264e-05,0.00015377672,0.9779259,0.0002552874
0.0060748192,2.8830864e-06,0.004238916,0.014524665,0.16239248,0.8127662
9.621943e-06,3.999596e-05,0.0035687792,8.3302075e-05,0.00057136227,0.99572694
0.0108919265,3.673118e-05,0.031209858,0.0009869569,0.17816074,0.7787138
0.00028164085,3.7892175e-08,7.812743e-06,0.00015975926,0.1825873,0.8169634
4.358323e-06,1.4631971e-05,0.023861313,1.40348675e-05,0.00036023647,0.9757454
0.015547912,3.198937e-06,7.871479e-05,0.0007492288,0.9800495,0.0035715343
0.029916974,5.595886e-06,0.013269117,0.0018353061,0.56812805,0.38684505
0.021183994,5.293046e-07,2.5635905e-05,0.00034124273,0.97844464,3.9080005e-06
0.0047014854,4.4870822e-07,0.00042089217,0.01322098,0.97814274,0.0035134407
0.00042632953,0.0018950409,0.96124935,0.0010581444,0.009431624,0.025939504
0.05243344,0.00013509349,0.17361104,0.0036435102,0.50631565,0.2638613
0.0020572534,1.0763607e-05,0.020667348,0.0003660157,0.12523665,0.851662
5.0445444e-05,2.3956968e-06,0.0036603129,0.00021661428,0.011521295,0.9845489
0.004364403,3.493782e-08,3.3670855e-07,0.00018303953,0.99101967,0.0044324985
0.19944084,0.000121770194,0.011858296,0.004650353,0.29166272,0.49226597
0.001154936,1.8334391e-07,0.00015002927,0.000991094,0.98937166,0.008332138
0.02024303,6.070843e-05,0.055442967,0.85505074,0.039226376,0.029976156
0.0052941376,1.894939e-07,4.700569e-05,0.0018558977,0.99242944,0.00037342188
0.0041365456,7.328087e-07,0.0057419487,0.015746765,0.050368216,0.9240058
0.0027062444,3.4764855e-06,0.0013924873,0.0004241963,0.10786023,0.8876134
0.0018672652,0.00012733976,0.7828644,0.00935408,0.03379232,0.1719945
0.0011896917,2.0544553e-06,0.85803586,0.0009163635,0.13757226,0.0022838747
0.00029545132,1.3616954e-05,0.9690355,2.0142103e-05,0.0076162773,0.02301915
0.0011422785,2.2549723e-07,9.369533e-06,0.0003628914,0.99848324,2.0447997e-06
0.000435946,7.149537e-06,0.0014113252,0.5112559,0.08692042,0.39996922
0.0022420748,1.2390316e-07,2.1922195e-05,0.014927963,0.026581476,0.9562264
0.004370111,6.474204e-06,0.0001564476,0.0019237514,0.13032734,0.8632158
0.044571415,3.7089623e-05,0.12758704,0.000819449,0.78020275,0.04678228
0.00031851366,0.19692677,0.708884,0.0001988336,0.0048276726,0.08884421
1.3738181e-09,1.8017849e-07,0.9999943,1.2780852e-08,5.4926927e-06,4.669478e-09
0.0007849117,4.2389082e-08,1.8282926e-06,0.00030508667,0.44163877,0.55726933
0.0002671746,1.1653319e-06,0.0012368463,0.00085338077,0.031975552,0.9656659
0.113002226,6.3028936e-05,0.33396164,0.0022185151,0.54631346,0.004441202
0.006270123,1.9296434e-05,0.0018402317,0.0010416841,0.9904488,0.00037979364
0.0018672652,0.00012733976,0.7828644,0.00935408,0.03379232,0.1719945
0.018194454,7.5298203e-06,0.0046700067,0.0016572456,0.46944392,0.5060268
0.0010584895,2.3503399e-06,0.90502715,5.4316947e-06,0.0939042,2.4270855e-06
1.7220023e-06,0.0020787097,0.0006797521,0.054372158,0.0002782811,0.94258934
0.0025040272,0.02191083,0.7782824,0.00400038,0.19305685,0.00024546267
2.0427915e-05,5.252978e-09,5.2053883e-07,7.4646356e-05,0.0013552068,0.99854916
3.5370617e-06,1.398538e-08,4.8070535e-05,7.258157e-05,0.00014907024,0.9997267
0.0013088248,0.026281422,0.27914912,0.002838941,0.0064721094,0.68394965
0.9932729,3.1331976e-07,0.0007543734,1.4678778e-06,0.005960052,1.0908754e-05
0.0011367978,2.5218484e-05,0.059967835,0.00049408816,0.93168855,0.006687522
0.019104771,6.081639e-06,0.05989297,0.0006230337,0.8732296,0.047143437
0.013349409,0.00017874748,0.002919054,0.16522421,0.8081637,0.010164905
0.092661835,4.503702e-05,0.30199534,0.01225687,0.22610453,0.36693633
0.00037265132,0.0059556984,0.9849111,0.0011819648,0.0020679813,0.005510718
0.005546763,3.326904e-06,2.4863726e-05,0.00014071235,0.99425805,2.6275158e-05
0.0016711021,4.910225e-05,0.9494632,0.00038224956,0.04822758,0.00020678932
0.00738414,0.026400331,0.68850076,0.025163472,0.043948486,0.20860277
0.0016823339,2.6516165e-05,0.021039193,2.7938999e-05,0.108639285,0.86858475
0.0012427773,8.6263896e-08,1.9515974e-05,1.0046853e-05,0.99842876,0.00029873682
9.130918e-08,2.6212115e-06,0.9999927,1.1775333e-08,4.5884603e-06,4.407228e-08
0.05609537,7.2660923e-06,0.00052989146,0.0004944655,0.94266427,0.00020877371
0.0015875541,1.4975129e-06,0.024350837,9.698874e-06,0.031519722,0.9425307
0.0044825254,2.0340003e-05,0.0015163139,0.10176015,0.04884131,0.8433794
0.010987286,1.8203205e-05,0.00020825911,0.0004868349,0.98288375,0.0054156133
0.026042027,9.315922e-06,0.0075659407,0.00035192227,0.9057751,0.060255717
0.0020419885,1.0022711e-06,2.6482048e-05,0.0005573999,0.19189416,0.80547893
4.97206e-05,5.525377e-07,0.01250572,4.8868784e-05,0.00324344,0.9841517
0.019775718,1.3177328e-05,0.00052979036,0.0002593916,0.97355396,0.005867948
0.009055631,5.876337e-05,0.072805345,0.03294646,0.7969481,0.08818572
0.006732219,9.985362e-07,0.00031935977,0.00045477177,0.5468236,0.445669
0.003541531,1.814748e-06,0.0025202744,0.0046312367,0.36370346,0.6256017
9.130918e-08,2.6212115e-06,0.9999927,1.1775333e-08,4.5884603e-06,4.407228e-08
0.038113765,6.0899943e-06,0.70590055,0.00022910557,0.23947117,0.016279325
0.007348431,6.756411e-05,0.003281849,0.1791939,0.49487382,0.31523445
0.022257432,2.4206112e-05,0.63652486,0.00016788405,0.13136786,0.20965774
0.0005447068,0.08533408,0.7346302,0.0003763753,0.008511734,0.1706029
0.00040401588,5.774299e-06,0.2834355,0.00047405143,0.016727384,0.6989533
