chair_0,chair_1,chair_2,chair_3,chair_4,chair_5,chair_6,chair_7,chair_8,chair_9,chair_10,chair_11,chair_12,chair_13,chair_14,chair_15
5.39624e-06,1.2671167e-06,0.00015793047,1.8726655e-07,0.72514945,0.0023281951,8.400783e-09,0.0986254,5.355127e-07,3.1096497e-06,0.09447689,0.00029462288,0.0037780646,6.896096e-07,0.074463606,0.0007145946
0.020853246,6.730033e-08,9.349799e-09,5.4844074e-10,2.4616194e-05,3.4661384e-06,1.1380304e-12,0.0006849678,3.1967436e-11,5.219678e-11,1.0209641e-06,0.026158674,1.0549558e-05,9.775769e-09,0.95226336,4.2223873e-09
0.49399948,3.6110586e-07,0.008578138,0.00048060657,0.00047717604,4.575864e-05,2.936432e-10,0.002825793,3.1605364e-08,4.4547352e-07,0.00014617147,0.1493253,1.174368e-05,8.029076e-07,0.34410667,1.5092484e-06
2.7163653e-05,1.9799232e-07,8.213273e-05,4.7329563e-06,1.2628982e-05,3.5183718e-06,1.9657447e-09,8.1496855e-06,5.667278e-09,8.3325496e-08,1.1209966e-05,0.0004509307,4.2801985e-06,2.4364113e-07,0.99939466,3.7805915e-08
0.00021114836,0.0044413162,1.545148e-05,0.00047833374,0.0006987167,0.34181142,0.00031308833,0.0003964985,1.7338074e-05,1.6604787e-05,0.015462343,0.052675843,0.00015140366,0.0006145055,0.5825798,0.000116163734
8.801289e-05,6.231479e-05,8.432919e-07,4.2511492e-05,1.26912055e-05,6.4622975e-05,3.7817966e-07,1.9068988e-05,5.74522e-07,7.2924684e-07,1.0205969e-05,0.9981998,1.4671585e-05,0.00058122363,0.00090212043,1.8277304e-07
0.0027064234,1.1208958e-06,5.9759335e-05,2.1410112e-06,0.0002595497,0.0013263443,1.2760937e-07,0.4262194,4.401446e-07,0.00033265777,0.36012492,0.00021915855,0.00877461,1.32208725e-05,0.19991405,4.6137895e-05
0.00507066,9.080867e-07,4.0667865e-06,9.136074e-08,0.5357263,0.00014428417,9.163394e-10,0.4577453,1.8150513e-05,1.7483667e-07,0.00017648535,1.1984465e-05,0.0005678228,2.8453682e-08,0.00047997056,5.3716638e-05
0.00041368144,1.4495195e-10,1.3641596e-06,6.8476793e-09,7.6159125e-07,1.382809e-06,1.5444255e-09,0.91374147,3.1574499e-09,1.0535875e-07,2.4093033e-06,2.964275e-07,0.0006507555,2.8618152e-09,0.08518774,2.1839972e-08
0.010472719,0.8709905,4.266419e-05,0.00024185573,0.0033001832,0.053858038,0.00011049923,0.0076096104,0.00018673448,0.000510119,0.01941476,0.0016681816,0.011931329,0.0022926792,0.016581582,0.0007885536
0.0019452753,9.759547e-06,1.8661369e-05,0.00025522677,0.0016707258,0.17098118,2.2871886e-07,0.00015357211,1.1184238e-06,7.7671324e-08,0.000115452196,0.45833543,1.3069623e-05,4.817581e-07,0.36649913,6.4968253e-07
0.00067604444,0.00013751077,0.0006655239,2.873057e-05,0.0026089621,0.0011070111,7.0932336e-05,0.00077471253,9.100768e-06,6.5543085e-05,0.033921644,0.12874572,0.00039255543,0.00045635304,0.83032614,1.3457273e-05
0.0049960595,7.9197855e-07,3.4375087e-06,2.4934783e-07,0.014902546,0.00043778194,9.2363645e-10,0.9794631,1.4614478e-05,3.6392066e-07,8.6891545e-05,4.904634e-08,5.6005872e-05,4.3288216e-07,2.7374447e-06,3.489979e-05
0.0025567692,3.2653363e-05,1.2481903e-05,0.00022388693,0.54589945,0.005198726,1.3245868e-06,0.0023847716,9.450415e-08,3.210288e-07,0.025803806,0.0006021539,2.7760943e-06,2.0279109e-07,0.41727984,5.922139e-07
0.21845102,7.680782e-07,5.540867e-05,3.7192527e-05,0.4317138,0.0023732393,2.0896488e-07,0.20020755,1.5085365e-05,6.101113e-07,0.0005575919,0.028258558,0.00074603694,0.00071807,0.11684057,2.4346158e-05
0.025135605,6.6701267e-07,7.9930993e-07,4.890974e-09,5.6668705e-05,2.5268442e-05,1.730949e-10,0.02579967,1.0212873e-08,1.1231638e-07,7.543324e-05,0.11922839,0.00067885936,2.9898597e-06,0.8289954,6.291e-08
0.15730943,0.00028400912,0.009162451,0.00037598176,0.29605907,0.001675848,1.748896e-07,0.07513517,9.3879646e-07,1.3051119e-05,0.02710718,0.030166596,7.685022e-05,4.1781226e-05,0.40256524,2.6160016e-05
0.025348848,5.2912255e-05,0.007730343,0.0014642853,0.022058807,0.001805178,2.1669894e-06,0.13902687,0.00020226357,3.3579683e-05,0.018879876,0.00085475866,0.015748708,0.0029612724,0.76350486,0.00032519942
0.98424983,9.216084e-08,4.378128e-07,4.6993133e-05,0.0054847095,0.0006542086,5.1536425e-10,0.0023259185,9.420426e-09,5.91387e-09,1.1611533e-05,0.0009829998,3.9351253e-06,8.442778e-06,0.0062304903,2.0335173e-07
0.00018247524,1.424123e-07,0.0005908393,3.3010292e-07,0.8092543,0.0036534087,2.8111591e-08,0.15538852,8.887504e-05,1.4542118e-06,0.017530367,2.0008127e-05,0.001054501,9.602261e-07,0.011979117,0.00025457016
7.772847e-06,4.7307086e-07,0.0005962554,5.0378617e-06,0.04063893,0.0033711041,5.7605254e-09,0.032125454,6.463137e-06,0.00020117873,0.8936112,9.720526e-06,0.0010692794,1.1601881e-07,0.0019993333,0.026357658
6.853504e-05,1.9674923e-07,0.00088198093,2.5401675e-07,0.9787633,3.0203522e-05,1.6832592e-09,0.0004020567,1.596232e-05,8.5776867e-07,0.01754645,2.2051909e-06,2.5128363e-06,6.1227844e-08,0.0022739377,1.1514872e-05
1.3587541e-07,1.6344904e-07,4.0330198e-10,9.246239e-08,4.2138913e-06,6.216503e-05,9.163332e-09,6.2019126e-07,1.5809364e-09,2.1835312e-08,0.999913,1.16086134e-07,5.566186e-07,4.0905498e-10,3.712991e-06,1.5055306e-05
0.01172396,3.0938667e-05,4.467095e-06,9.3783837e-07,0.00017244965,8.7630084e-05,2.6945258e-08,0.00481977,2.965354e-07,5.782353e-07,0.00046788203,0.08457666,2.9896777e-05,4.0487274e-05,0.898044,1.1390809e-07
0.007883748,0.0038867928,5.8863666e-08,4.5512596e-05,0.01330979,0.022765331,1.3328892e-07,0.00011342402,1.3421396e-05,0.00011135821,3.122229e-05,1.1602607e-05,0.0086628655,0.94300073,7.566102e-07,0.0001633728
9.214303e-05,1.5602092e-07,4.0338244e-05,3.5611872e-06,5.100134e-06,4.6184487e-06,5.99951e-09,0.00045551753,4.289581e-08,1.0776296e-07,2.4152414e-05,0.20013838,8.235961e-06,6.3713526e-07,0.7992269,5.173887e-08
0.011097217,0.0018618819,1.4530269e-07,4.5185147e-06,0.005753302,0.020510197,3.1421878e-06,0.00084817153,6.351293e-06,0.0004190197,5.3507865e-05,1.8390541e-05,0.0019049093,0.95750844,8.1038627e-07,9.944711e-06
0.00041999022,0.0032524012,6.377869e-05,6.714465e-06,0.41812092,0.0006264542,5.1089948e-05,0.11769468,1.0474237e-05,2.7876986e-05,0.0008336221,0.45701015,0.0008741381,0.0002471053,0.00075944804,1.0973541e-06
1.8025556e-10,4.4156362e-10,3.397663e-14,4.3265662e-13,1.0,2.3108275e-09,5.7507845e-15,1.9327334e-08,2.922527e-15,1.819894e-14,1.2756801e-10,5.349821e-11,9.1210484e-11,1.9787156e-14,2.115986e-12,6.1528838e-12
0.8983092,8.963809e-07,0.0033802574,0.00031400358,0.06144387,0.0011633496,3.675351e-08,0.011423056,0.00010765695,4.0497103e-05,0.01388125,3.38175e-05,0.0005421428,7.5761263e-06,0.007829993,0.0015223871
6.972297e-07,2.5558298e-09,6.445176e-06,1.9199653e-09,0.9999889,1.8823963e-08,6.3486195e-13,3.8000221e-06,7.1681217e-10,4.423534e-11,8.640578e-08,5.4687987e-11,1.383345e-09,5.1679646e-12,1.7266377e-10,1.4128397e-09
0.023962678,0.0011428242,3.2203325e-06,0.0004436064,6.114927e-05,0.5587034,6.0961423e-07,0.008048236,1.49860025e-05,1.7058026e-05,0.010118828,0.15173373,0.0004684924,0.0020262694,0.24323885,1.6025999e-05
0.0027547707,1.071958e-05,2.5998893e-06,7.3537114e-05,4.740457e-05,9.219224e-05,7.1493616e-07,0.00081036036,5.960638e-07,1.0773057e-05,0.036725596,0.01349016,0.00022680685,0.00043830587,0.9453076,7.839337e-06
0.039753933,3.5148307e-05,9.432296e-07,3.4511795e-05,0.65506256,0.017617974,7.171354e-09,0.015958732,0.01129665,8.696054e-05,0.00043794388,7.395013e-05,0.0054835025,1.0147756e-05,0.0025011138,0.25164598
4.406086e-07,3.110232e-05,1.250682e-06,4.5203745e-07,0.07829216,1.3794847e-05,1.6605164e-06,0.0028186047,2.1080436e-07,1.1021185e-05,0.91840285,2.541162e-05,7.5371777e-06,3.5732992e-07,0.00027560373,0.00011758195
0.0047515132,3.9488746e-08,1.03654285e-08,5.9706484e-09,2.999751e-06,4.595078e-06,1.116344e-10,0.05685377,1.259552e-10,5.6163345e-09,0.0003778763,0.00037403623,8.8317596e-05,9.947959e-08,0.9375467,7.3711675e-08
0.00024028888,6.568246e-08,3.3880136e-05,1.1051637e-08,0.99489284,1.0543812e-05,3.4264428e-11,0.0006102747,2.876685e-06,1.0621796e-07,0.0037923895,1.7177389e-06,3.823491e-07,2.5309308e-09,0.00041132583,3.4073435e-06
0.00043057319,6.5409576e-09,0.0039142678,2.9946228e-09,4.4503056e-05,2.0805497e-05,3.0935918e-09,0.9942299,4.7119602e-08,2.0319687e-08,3.137228e-05,4.282718e-06,3.963799e-06,1.1000922e-08,0.0013202449,2.3557362e-08
2.478103e-08,4.2607387e-10,1.2067173e-07,3.2582048e-09,8.643814e-06,2.7059323e-07,4.5767498e-10,6.3382015e-07,1.1485178e-10,5.4741484e-08,0.9999237,4.552212e-08,8.501571e-08,1.5887583e-09,6.280277e-05,3.677817e-06
0.00011758767,0.0031522834,1.7380801e-06,0.00097039767,0.43800825,0.41711637,0.00011824293,0.015295933,0.0001121563,2.6468015e-05,0.077950194,0.00049971475,0.0003393529,1.0300706e-05,0.04388796,0.0023930066
0.67531365,0.00062046986,0.0007749678,7.152347e-06,0.101508975,0.004093442,1.7333119e-07,0.16635948,1.6556335e-06,5.062155e-05,0.048847016,0.00016149829,0.00029134232,0.00020285459,0.0017608176,5.7707102e-06
0.15936804,0.00029802232,0.001477481,1.2503465e-05,0.25130868,0.034167495,1.7727032e-05,0.28007892,8.8945155e-05,1.558664e-05,0.21027084,0.025433773,0.0005146941,0.0017848084,0.03507936,8.3105246e-05
0.00041807312,0.00012091273,1.2806683e-05,4.1173498e-05,6.2814004e-05,0.00076167384,1.2489334e-05,7.7296e-05,3.040305e-06,1.18065445e-05,0.003141208,0.8641442,0.00019021644,0.0021757516,0.12881993,6.5487407e-06
0.0010426543,1.2475093e-05,2.8157126e-06,6.2531e-08,0.98186284,0.0008718318,4.6764446e-09,0.015968317,1.0917048e-05,4.410951e-07,1.7255505e-05,1.223231e-05,0.00013865987,2.5964657e-06,1.1469962e-05,4.5368994e-05
0.009890031,5.47706e-08,0.005080269,1.6230075e-06,8.623807e-05,4.6488926e-06,1.00784e-09,0.0010105331,6.264455e-08,4.1625096e-08,5.5999262e-05,0.95321125,4.954973e-06,3.9755705e-06,0.030650351,4.128384e-08
0.005740449,9.633136e-08,5.505007e-07,1.0128184e-08,0.004147262,0.00010857949,3.791034e-09,0.9899588,1.5984499e-05,6.172337e-08,1.3468657e-05,1.5242039e-08,1.190278e-05,4.46437e-07,9.987131e-07,1.4156087e-06
1.4991214e-06,0.00035814266,8.4786427e-07,4.2041867e-07,0.79005766,0.00022892053,3.4683092e-06,4.9979742e-05,0.0018136612,0.0030762115,0.0004271573,0.19625883,0.0060352515,0.00016533908,1.8189189e-06,0.0015207736
0.0006250956,0.00010272628,0.0055182227,0.00017717325,0.00066791766,0.018897507,1.724304e-05,0.027484575,6.741453e-05,0.00016402827,0.008536208,0.065470845,0.009438388,0.0020575954,0.85996616,0.00080895197
0.00054227986,8.092454e-06,3.5942833e-06,2.2358656e-06,3.246076e-05,3.697595e-05,4.080309e-08,0.0005156755,6.998507e-08,1.1453664e-07,7.14612e-07,0.99785393,0.00011026038,4.171659e-05,0.0008515307,1.3770033e-07
0.008134261,7.5361727e-06,1.5478441e-06,1.1663418e-05,2.77392e-05,0.0056095603,4.8695597e-07,0.0516668,2.0649113e-08,3.3339443e-08,4.1727893e-05,0.50702447,0.000820995,5.2972275e-05,0.42660007,1.404741e-07
0.040543668,8.110047e-07,4.5591576e-05,9.348478e-07,0.7294983,0.0025404398,8.439386e-06,0.18109992,0.0018930716,3.459396e-05,0.028449379,1.5008762e-05,0.0002402843,6.4457425e-05,0.014550951,0.001014079
0.0011721625,7.8526655e-06,3.201229e-05,1.8376545e-06,0.5004259,0.0019641544,2.5602391e-08,0.44887564,3.5329886e-06,1.2028278e-06,0.03407148,0.0025157423,0.00056875433,2.2056438e-06,0.009129146,0.0012283027
1.5258852e-06,1.7928996e-10,3.7200728e-08,3.1994052e-09,6.9902766e-05,2.7668918e-08,3.104356e-12,1.3645439e-06,5.6561084e-12,2.4128841e-08,0.9999198,1.1731807e-09,7.673192e-08,1.8736541e-09,1.7282994e-06,5.7201355e-06
0.00091975403,9.8213386e-05,0.00019074584,3.986217e-08,0.3140053,3.877425e-05,1.9441428e-08,0.021202777,1.8131784e-07,1.4581692e-06,0.00023320642,0.43541262,0.00032962137,2.949563e-06,0.22756438,2.2054579e-08
1.3703469e-06,0.00013336983,8.177894e-07,4.9304717e-06,0.22621956,0.007051195,3.779136e-07,0.0036007522,8.1863014e-08,5.5014825e-06,0.76249707,8.9707155e-06,0.00015002454,2.3960413e-06,3.1629916e-06,0.00032031204
0.0047341837,1.7038711e-06,1.0809575e-05,3.1952552e-06,4.3092445e-05,0.00013050623,2.4891722e-08,0.036028862,2.0154596e-07,1.9456093e-06,5.207187e-06,0.89509517,0.005008974,0.00024743067,0.058688533,4.4688047e-08
5.9037848e-05,1.3673022e-12,7.948267e-09,7.6719e-14,4.766639e-09,1.3911441e-11,2.5356246e-14,9.281201e-05,6.019975e-14,3.910966e-13,4.4490997e-10,3.2376243e-05,2.1516926e-06,4.86739e-12,0.9998136,4.070414e-14
4.072714e-06,2.1462012e-07,0.005280156,6.063669e-08,0.00019373666,3.4572026e-06,2.872781e-09,0.0010089182,7.572542e-08,5.2651006e-07,6.665782e-06,0.016144386,7.662171e-06,9.1492765e-08,0.97734994,9.27628e-09
1.5970412e-05,0.00042201715,2.8551415e-09,3.8189407e-09,0.9993406,0.00020380868,2.049432e-10,1.537215e-05,7.759532e-11,1.0403052e-09,2.036437e-06,2.0932823e-08,9.255729e-08,3.8016998e-10,1.6753622e-08,7.2898443e-09
0.0010325331,1.4656825e-07,0.6778677,2.3926907e-06,6.041938e-05,2.0216681e-05,3.8066958e-08,0.003727684,1.0859439e-07,2.4454148e-06,0.0001380706,0.008096666,7.368998e-05,3.1117563e-06,0.30897456,5.4074242e-08
0.06628218,3.0711456e-06,1.4292802e-05,9.968629e-07,0.00051913963,8.642542e-06,5.30766e-09,0.005417138,3.683811e-08,1.960541e-07,0.00020346693,0.92329127,4.3355078e-05,8.602036e-06,0.004207486,9.876023e-08
0.043448493,6.084019e-08,4.438303e-08,1.0492961e-09,6.763365e-06,2.9831565e-06,1.5402566e-12,0.0010575547,1.0110011e-10,5.927078e-11,5.4607966e-07,0.043051906,7.25941e-06,6.6236304e-08,0.91242427,1.1717538e-09
8.530818e-06,0.00017860945,1.5900431e-10,1.8819554e-05,2.8432196e-06,0.9996111,3.9692157e-08,2.5662954e-05,1.4980735e-07,6.62332e-07,4.181317e-05,1.9291825e-05,6.5722976e-05,2.6022253e-05,2.633885e-08,7.338587e-07
0.00015791372,0.00011476729,3.004313e-06,6.6233326e-05,0.0025444892,0.000549796,3.0440726e-06,0.004916409,1.5848958e-08,1.1102773e-05,0.97893435,3.6207166e-05,5.905556e-05,3.6955196e-06,0.012399425,0.00020048629
0.0014311038,6.732515e-07,1.9411698e-07,2.6019444e-08,0.9051413,0.00010657818,1.0659225e-09,0.09298056,5.837477e-06,4.891728e-08,5.878912e-05,8.647384e-07,0.0002197209,1.6236962e-08,2.3879415e-05,3.0404051e-05
8.120445e-05,3.40255e-09,1.4609785e-05,6.2838557e-09,1.5757358e-05,3.743114e-08,2.996529e-11,0.00010864025,1.6815918e-09,8.925438e-09,0.00016040225,0.007945631,1.3070422e-07,1.7101275e-08,0.9916735,1.5631585e-09
4.509153e-05,1.7259637e-06,0.18065086,0.0039395057,0.0010468095,0.0002404165,4.230549e-06,0.0013368737,0.0020219996,0.051123455,0.75730324,0.00010592474,0.00019223912,1.2882289e-05,6.976238e-05,0.0019048996
0.0012644173,0.017991576,1.3831295e-06,4.6224727e-06,0.18111606,0.62776816,0.00068285334,0.037573356,3.2315904e-05,2.5944822e-05,0.124069884,0.0013798471,0.00012744988,0.00054526224,0.007375531,4.135147e-05
0.9564463,5.6194e-08,9.40761e-06,5.4602006e-05,0.00029350937,5.447463e-05,7.60387e-09,0.0047031576,3.223894e-07,9.510828e-06,0.0014449477,3.1760544e-06,0.032038923,0.00021650984,0.0036024563,0.0011224486
0.00042617272,0.0034899048,2.697827e-06,0.00019489031,0.00025804937,0.7950001,0.00044674013,0.03406083,5.2328132e-06,2.3661903e-06,0.016342709,0.030003259,6.552707e-05,0.00013714272,0.11956254,1.7943951e-06
0.08709216,3.3105664e-06,0.004065794,5.7258717e-06,0.005515815,4.7864793e-05,2.8723814e-09,0.007978786,4.812548e-08,1.2385817e-08,0.00014015936,0.8296182,2.897262e-06,1.0754619e-05,0.06551836,2.2452127e-08
2.8565505e-06,4.166161e-08,0.00018588993,3.4592804e-07,0.95421857,7.949159e-07,5.923811e-10,0.0029332493,2.7008042e-07,1.401499e-06,0.041685905,9.2487035e-06,3.852478e-06,1.2590134e-08,6.9341763e-06,0.00095060345
0.38049006,5.485508e-05,0.0012801646,0.00075375184,0.2397958,3.0432815e-05,2.2011748e-09,0.0026265318,4.107599e-06,1.6987347e-05,0.00020089644,0.0036323725,0.0065402654,0.0001423076,0.36442825,3.2448513e-06
0.0002855502,0.00022406329,9.876612e-06,0.0016062147,0.2964386,0.15254857,4.6000036e-06,0.0007826673,1.7296996e-06,1.202878e-06,0.42633355,0.0018241372,8.275105e-06,6.4126885e-07,0.11992307,7.3435053e-06
2.8324144e-05,2.1449174e-05,5.9799862e-05,3.807423e-07,0.00013654243,0.00016968462,1.5323318e-05,0.004531012,8.820068e-06,3.196722e-05,0.04457068,0.9487171,0.00012783389,0.00031813048,0.0012561431,6.8548616e-06
0.59646297,2.904571e-06,2.0927077e-05,0.00029285808,0.124014206,0.005762809,2.1422743e-08,0.027277017,0.014027609,1.0108176e-05,8.249318e-05,0.19483742,0.00061924604,0.0016146813,0.034606617,0.0003681896
5.823894e-06,1.9293616e-09,2.2125306e-07,1.09941475e-07,0.0009964724,6.085278e-06,3.3434455e-12,0.00035797156,2.0600563e-09,2.2981645e-08,0.000195827,0.00010204524,0.047153436,1.1131733e-09,0.95114636,3.5632762e-05
3.9329007e-07,1.961544e-05,6.6679775e-08,1.16907675e-08,0.99987876,8.445855e-05,8.275748e-12,3.7859563e-06,4.608651e-09,4.587558e-09,1.0657765e-05,1.8824502e-07,5.786859e-07,3.4572611e-09,2.5672652e-08,1.3252279e-06
0.99800307,1.3718653e-08,3.114623e-08,0.000119552205,2.6212241e-05,3.4074276e-06,1.5363905e-11,1.4580491e-05,4.2351678e-10,9.397582e-10,1.1981517e-06,0.0011836047,5.520746e-06,3.187139e-05,0.00061073963,1.1585783e-08
0.0038727233,6.228123e-08,1.3449116e-05,1.3915287e-07,0.00014179916,5.6360814e-06,4.364119e-10,4.4940225e-05,2.6667381e-08,1.8498328e-08,0.00016877442,0.9713841,1.7764432e-07,9.2387927e-07,0.024367085,1.002707e-07
0.022944665,1.2033752e-05,7.375694e-05,2.5025753e-07,0.54563886,0.0014064871,4.9772904e-08,0.41974735,3.064439e-05,2.2135114e-06,0.00038593594,0.0014270864,0.000919744,2.387512e-05,0.007285269,0.00010175964
1.4718156e-09,2.8202114e-15,4.2317334e-15,2.0420114e-16,3.0380407e-13,3.963437e-11,8.950855e-16,1.0,3.416008e-17,1.821183e-17,1.524134e-12,8.875273e-12,8.56657e-11,1.0853324e-15,1.0309524e-08,8.3924594e-17
0.14041293,2.2770665e-09,1.278335e-05,1.3360675e-09,0.012720412,1.781027e-07,2.1588755e-12,0.015546808,1.6298343e-09,1.381772e-09,5.911243e-07,0.0023278191,2.0929903e-05,8.622846e-10,0.8289575,3.7013294e-08
0.0021653157,7.73907e-07,0.03537951,8.722336e-06,0.9339136,0.00058187736,1.0539221e-07,0.021796675,0.0013732753,6.459049e-05,0.0012724361,0.00059783744,0.0014829562,1.511796e-05,0.00016284199,0.001184439
0.7021103,8.504479e-06,3.565363e-05,0.000107481625,0.25570196,0.0004161399,4.809037e-08,0.021362904,1.6251752e-05,0.00025706406,0.016568234,0.0007064289,0.00028395644,0.0011193708,0.001085098,0.00022064758
0.0003152482,1.3353483e-05,0.34418866,1.634319e-05,0.007984201,0.0016137437,5.507144e-07,0.4935344,1.8770093e-05,0.0020179376,0.10406193,1.7241315e-05,0.045246627,3.4277843e-06,0.0009635074,4.136085e-06
0.0013390939,1.04044744e-07,4.1685504e-05,4.7188498e-09,0.00042439246,4.9625135e-07,1.4708111e-10,0.6587676,2.499865e-09,3.783223e-08,1.0194816e-06,0.3312122,0.00021965681,1.2112612e-08,0.007993788,1.4200385e-11
0.9083994,8.456052e-05,1.8361592e-05,0.002932384,0.04262468,0.0039166575,1.9799855e-09,0.018643668,1.1440093e-07,2.3049303e-08,1.2702339e-05,0.008137521,0.00013634478,1.9283603e-05,0.01507361,7.2373706e-07
2.7800088e-06,4.0505437e-08,1.1207387e-13,1.2669406e-05,1.27855815e-08,0.9999809,1.4580085e-11,3.2833823e-06,3.269045e-11,8.8905847e-13,3.6175576e-11,1.8594414e-10,1.9302624e-07,2.3233246e-10,1.1174154e-09,1.5586583e-10
0.33260143,7.398916e-10,2.8505715e-07,8.700109e-11,0.00023252437,3.1666644e-08,6.735983e-13,0.0035179092,2.6396696e-10,1.8439257e-10,1.0693387e-05,0.0010811866,1.1233532e-06,2.5143312e-10,0.6625548,2.5192445e-08
0.0053637773,0.37599897,1.8818844e-05,0.00039836168,0.09104292,0.14073728,0.025880586,0.020476425,0.0047395085,0.0027181122,0.029499376,0.0020388272,0.029940665,0.26817894,0.0028321566,0.00013530199
0.9998896,2.7466202e-10,6.5764425e-07,4.1231792e-07,1.1200051e-05,3.3408217e-08,3.0126002e-13,8.731515e-06,5.48802e-09,2.1245632e-09,4.0641225e-06,1.7978522e-06,3.655203e-07,8.882927e-09,8.2644554e-05,4.8831157e-07
0.05250435,0.015497253,5.8861842e-05,0.009942339,0.034626633,0.0030969775,3.947206e-05,0.013860715,0.00011535036,0.00047462832,0.045050662,0.34035823,0.0020430775,0.011443248,0.46462554,0.006262618
9.37188e-06,4.7138404e-09,5.883907e-05,2.832114e-09,0.9989773,1.3387554e-06,7.549614e-12,3.5284713e-05,4.3387704e-08,2.1006711e-08,0.0008766716,2.2684372e-07,5.2162065e-08,3.6510647e-10,3.6634316e-05,4.2075117e-06
1.6759313e-07,1.4835337e-08,9.220346e-13,1.8889485e-06,3.578946e-09,0.9999951,8.414877e-09,1.9159818e-06,2.249716e-10,3.2481426e-13,8.039017e-09,9.023171e-07,6.688379e-09,1.1692479e-09,2.5672504e-08,1.06964326e-10
0.03461463,5.661643e-09,0.00069463375,4.4121102e-09,8.996269e-05,6.0807105e-07,1.2970158e-09,0.023594718,7.0714203e-09,1.285925e-07,0.0006704355,0.0064040795,0.000707211,1.5469026e-07,0.93322307,3.154318e-07
0.0005728099,0.065523826,1.1911844e-05,9.578846e-05,0.16982906,0.009710999,0.00015319044,0.0090873465,0.0008806864,0.000807872,0.19137134,0.5333008,0.006163434,0.008039484,1.970721e-05,0.00443173
0.2028721,4.734464e-05,5.4166924e-07,0.53739715,0.00018688622,0.008047422,9.805145e-07,0.0003354964,6.5009267e-06,7.3226926e-07,2.710187e-07,0.0010928573,0.00017294679,0.2498358,2.5221007e-06,5.3342757e-07
0.00053971243,4.8153383e-06,3.94715e-06,1.3123731e-07,0.00012404668,2.4329644e-05,2.3949145e-08,0.00016266847,2.390638e-08,1.5896465e-08,0.00054998684,0.033046234,6.9841104e-07,7.857458e-07,0.9655425,5.2734997e-08
0.005002778,1.5563161e-07,6.23748e-06,2.7325207e-06,1.2073247e-05,5.855626e-06,2.3513211e-09,0.00063707546,4.503878e-09,4.1271617e-09,1.7632363e-05,0.9732379,1.1778355e-06,2.3990317e-06,0.021074068,1.2393617e-09
0.0031202214,1.037777e-06,9.962493e-06,4.666923e-06,0.003593993,0.0001351204,3.247965e-07,0.118690595,5.6573448e-05,1.691422e-05,0.03653742,0.002250576,0.0013256957,3.1412434e-05,0.8338997,0.0003258744
0.7712994,9.949985e-10,1.6024823e-06,2.168448e-06,1.2972291e-05,1.2832224e-06,1.327272e-12,0.00021233957,2.4159623e-09,2.982604e-09,1.2124385e-06,0.12904638,0.00011000882,1.01526496e-07,0.0993118,5.785812e-07
0.96123844,0.0009180952,2.454464e-05,0.00012682793,0.0043595717,0.0013821892,6.8582176e-07,0.004217362,5.0159024e-06,3.389251e-05,0.00030619727,0.009007198,0.0032495537,0.0061939578,0.008928708,7.593727e-06
9.0227825e-11,8.76898e-08,5.0129908e-17,4.0590487e-09,2.3688869e-09,0.9999999,8.463975e-14,1.8100729e-10,1.1757527e-12,3.6184883e-15,3.3335798e-10,3.0295041e-10,6.8512813e-09,7.2465085e-12,2.4513312e-11,1.1745111e-12
5.3715953e-06,3.5110006e-09,3.9245067e-05,3.4489873e-09,3.259751e-07,8.5964175e-06,1.3181195e-10,0.95825243,4.705762e-09,1.6226925e-07,0.004998226,1.5891737e-06,3.7523316e-06,1.31870435e-08,0.036690295,6.2641825e-09
0.042025607,1.8349972e-05,0.0138388835,0.39336124,0.14321233,0.021980671,7.916603e-06,0.003916123,0.00057408045,4.700452e-05,0.0015276115,0.35053,0.00031734878,0.0060754134,0.02091797,0.0016495025
1.0971351e-05,4.2414886e-05,1.07498845e-05,6.222782e-05,0.98873156,8.768981e-06,7.4771e-09,0.0051005934,8.1380165e-09,1.6116218e-07,0.003248775,0.002702348,7.608179e-05,1.03588164e-07,4.9506916e-06,3.894949e-07
0.00067692314,1.9594452e-07,6.8184844e-09,0.00021563472,0.99712247,3.276941e-05,2.2722232e-12,0.001738999,5.884598e-09,2.8655688e-08,6.351943e-06,2.757121e-06,6.359547e-05,2.221573e-09,4.2824553e-07,0.00013971716
0.018632084,1.6807306e-06,1.2400675e-06,1.2414116e-06,0.026972188,0.004802652,1.442523e-08,0.9374154,1.6748592e-05,7.521511e-07,0.00027789746,0.0018435828,0.0008089095,4.1909316e-06,0.009047256,0.0001741554
0.03924638,0.00036400545,4.8225206e-06,0.3176163,0.0005815429,0.047999583,1.4048309e-05,0.0011016412,1.9639934e-05,6.574653e-06,2.7268895e-06,0.008330162,0.00038410135,0.58432174,5.2307546e-06,1.5225572e-06
8.9288985e-09,1.5536178e-09,2.2638463e-15,7.776117e-07,2.4075115e-09,0.99999905,1.963054e-13,5.442045e-09,3.419014e-11,1.4698005e-12,2.1077074e-11,1.578341e-11,1.8396487e-07,3.7211837e-08,1.15064576e-10,1.3568269e-10
0.00034181925,2.2034449e-06,2.5008815e-06,2.4912015e-07,1.6512904e-05,4.8650786e-06,3.2793444e-09,4.432631e-05,1.4423022e-08,2.9707001e-08,2.887329e-07,0.9994159,7.3090405e-06,1.5223342e-05,0.00014881427,2.4869417e-08
3.4358648e-06,2.3944398e-08,0.00043699727,5.502253e-08,0.0077688587,8.455451e-07,5.7937016e-10,0.00014222458,5.2264943e-09,5.6184646e-08,0.0006691684,0.00016378664,9.584713e-08,2.7018618e-09,0.9908144,9.042246e-08
0.0017411133,2.5182211e-05,0.053772107,6.9832113e-06,0.113109045,0.012055424,5.5561763e-08,0.047946926,0.0017944303,0.00026678783,0.7668026,0.00048387254,0.0002978424,3.1415882e-06,0.0007949829,0.0008995181
0.0076838336,3.9491544e-05,0.00026657365,0.42629462,0.002417648,0.09091403,3.5468133e-06,0.011790656,7.931502e-05,4.7708636e-05,4.247322e-05,0.0148379225,0.025410354,0.4154071,0.0045649745,0.00019976281
0.19661117,4.9691647e-05,0.00023859658,0.021114994,0.19874093,0.43742004,6.100349e-09,0.1309526,2.3960227e-05,7.621089e-07,3.1877853e-06,0.01116032,0.0032542213,1.4180938e-06,0.00032542553,0.0001026661
1.6869892e-07,7.336163e-07,6.3099174e-06,1.7566587e-07,0.039956428,0.0013570337,4.319221e-08,0.00017283965,3.2534164e-05,9.4127745e-06,0.002316574,4.0487873e-07,3.127736e-05,1.8014466e-08,4.9542676e-05,0.9560664
0.0003507595,7.501814e-06,0.17689314,1.0620239e-06,0.002368451,0.0004317684,2.361173e-07,0.19773115,6.003452e-07,6.4614874e-06,0.0003415877,0.004932436,0.00077622046,1.8513496e-06,0.6161049,5.1909043e-05
0.00043348825,4.0099576e-07,9.169733e-05,9.537496e-09,0.6613845,2.867242e-07,2.8414958e-11,0.0002454024,2.2576414e-09,2.3274481e-07,0.0002295553,0.0023288827,1.7749582e-06,3.1437872e-10,0.33528367,2.1103592e-08
1.037595e-05,5.6107716e-08,2.5218463e-10,1.0499109e-07,6.0646522e-05,0.00013780888,1.2744951e-09,1.7024274e-07,0.00011185687,1.5722913e-05,3.3599845e-05,2.3994318e-07,2.6981217e-05,2.842944e-05,2.4655986e-07,0.99957377
3.8777603e-07,2.0428301e-09,2.8263063e-09,3.4614843e-08,5.7038975e-05,4.1011e-06,7.041216e-11,3.4219988e-06,7.150244e-11,1.8792862e-08,0.9999013,1.940817e-08,2.7785045e-06,4.732658e-09,7.986178e-06,2.3017275e-05
1.6066668e-06,3.83661e-09,3.5136077e-07,6.145573e-11,0.9989942,2.2729148e-07,2.9251772e-12,0.00062241004,1.1242015e-09,3.737283e-10,3.4929475e-05,8.1708396e-07,3.369279e-07,4.80976e-11,0.00034501782,7.453421e-08
4.1120922e-05,0.0005373688,0.22100472,0.015110958,0.014213948,0.003089392,6.5083977e-06,0.0017342855,2.1686031e-07,0.14595635,0.007653661,0.47003245,0.08745429,3.4441784e-06,0.03299832,0.0001629438
0.00048741195,1.8126275e-05,0.006504965,2.4281235e-05,0.0012480816,0.0046495516,1.647177e-05,0.53228253,0.0009829085,0.0011298173,0.44190395,0.00015231551,0.0036646163,0.0017234765,0.0050718337,0.00013965879
1.0305509e-05,0.03195815,3.8029953e-07,1.7275465e-06,0.8771822,0.049255203,5.4890872e-05,0.013490624,0.0008959651,0.0010380163,0.00020103155,7.32463e-05,0.024576876,0.0002728658,0.00094332494,4.526293e-05
1.6709491e-05,0.39676738,0.000103779654,0.0086092185,0.000410881,0.028882153,0.00043010502,0.00014086222,0.0014796972,0.095178045,0.00050255726,0.006677553,0.27781656,0.14604446,0.0013295625,0.035610415
0.0008210181,4.0919822e-08,0.0078013567,0.00016283833,0.00021481994,0.00018504848,3.9400634e-09,0.000255772,4.729558e-06,0.00036995093,0.039072074,0.0042353943,0.00010199107,4.7834766e-07,0.94675106,2.350273e-05
0.00024599515,1.2844397e-09,2.317444e-07,2.5104627e-10,7.906671e-06,5.8998104e-08,1.2979298e-10,0.068046115,6.563927e-11,5.9217578e-09,5.088492e-06,3.1022984e-05,0.000418462,1.2314085e-09,0.9312451,4.6593582e-09
0.0028284665,4.3394143e-06,3.4307889e-06,2.9582512e-07,0.46887675,0.0017481154,1.7324562e-09,0.52288777,3.958015e-05,2.5455114e-07,0.00041935928,2.196883e-05,0.0021615059,8.782953e-08,0.0008968233,0.00011123885
0.0065846923,4.6315023e-07,8.338469e-05,8.784455e-05,0.0053534443,3.8219354e-05,4.8168864e-09,0.00019634978,7.448571e-08,4.463597e-07,0.045939527,0.014158875,1.20222285e-05,2.2456206e-06,0.92754126,1.1360125e-06
0.0009884436,3.8631393e-07,0.004975675,1.4148151e-07,0.0022839,0.00065390946,7.9543545e-09,0.9079951,2.2728078e-05,1.6603244e-05,0.07362571,0.0008701009,0.00022598928,2.6025498e-06,0.007464221,0.0008745149
0.031050289,2.5210325e-05,1.4481177e-08,1.9486295e-06,0.33228478,5.708013e-05,3.7134157e-10,0.6020625,1.0708272e-10,1.4527647e-09,4.4942087e-07,0.0037550756,0.025215195,1.2558545e-08,0.0055473903,1.2049294e-08
2.5965796e-06,5.2621874e-07,1.3154308e-06,3.0657472e-07,2.7423242e-05,1.6956663e-07,3.480759e-12,2.0443488e-06,3.1127292e-10,0.016083341,0.9824286,2.808805e-09,2.2122007e-05,1.6600153e-09,5.6559685e-07,0.001430954
0.046306953,1.778481e-05,1.19012875e-05,4.4182837e-08,0.8356583,0.00010411009,8.210172e-09,0.014908049,3.849833e-07,2.3965833e-07,0.100416705,0.00041387635,7.8473255e-07,3.028879e-06,0.0021511281,6.7103397e-06
0.0110470895,7.333459e-08,8.28485e-05,5.4631276e-08,4.3274927e-06,7.271878e-07,2.458575e-09,0.0012625043,7.9629836e-10,6.522996e-09,3.9491274e-06,0.4538456,0.0006195576,3.9934234e-06,0.5331293,1.0118822e-09
0.1638716,0.0023372087,0.00033204653,0.00017040396,0.7437104,0.0004148851,1.8810827e-07,0.060939655,2.3343617e-07,8.954118e-06,0.019730752,9.520568e-05,0.007684167,3.2729681e-06,0.00062073197,8.012872e-05
1.502261e-06,3.551454e-06,0.96356565,8.9698364e-07,0.0013673983,2.8729315e-05,1.6673809e-07,0.0059333583,1.8666623e-07,0.020717299,0.0039704232,0.0031057224,0.00039170028,7.7846016e-07,0.00087692443,3.5671485e-05
0.00034965258,0.0014622754,8.638148e-07,9.0258445e-06,0.004581155,0.4835504,0.00023120754,0.10059365,2.924237e-05,7.802785e-07,0.033328656,0.35118985,1.4959133e-05,5.5861667e-05,0.024601702,7.4662324e-07
0.07042254,5.250137e-05,0.00049924053,0.00094538974,0.02828335,0.00067289383,1.2316424e-07,0.02994362,5.567391e-06,1.9822917e-06,0.00014401112,0.85537726,7.544388e-05,0.0005282108,0.013038735,9.115369e-06
4.7352463e-05,6.951902e-09,9.8531366e-08,2.9268069e-10,0.99994445,2.1689349e-08,1.3703134e-13,8.002503e-06,4.895652e-09,5.457292e-11,5.2779082e-08,1.3213432e-10,6.0606666e-09,1.7649843e-11,4.066617e-10,3.5660501e-09
0.0011077344,0.0004387973,0.06615789,0.000112397305,0.009710841,0.05104812,9.946024e-05,0.21733359,0.0003933564,0.012449575,0.29444462,0.0032387704,0.0025572898,0.001803095,0.33894166,0.00016280761
0.0011267434,0.00017059647,0.029271968,3.9320457e-05,0.51143575,0.0002024315,1.4018083e-05,0.25846916,0.0010243445,0.00031157176,0.023021562,0.044813965,0.0045516742,6.765097e-05,0.123856455,0.0016228263
0.0040401667,0.00027595786,2.6626234e-05,0.0012010338,0.0222273,0.9469883,4.6792816e-06,0.0008584474,2.652994e-05,2.4673136e-06,0.00038542275,0.0025776431,0.0001052033,1.6401498e-06,0.02126774,1.0753417e-05
0.0004117793,0.00080673234,1.8238731e-07,0.00029377657,2.8799537e-05,0.7930104,2.3536631e-07,2.7390079e-05,0.0001393895,4.6229332e-05,0.17237967,0.02746739,0.00039878735,0.00054250465,0.0016859764,0.002760672
7.546153e-05,6.58889e-08,0.5336185,0.0001743541,0.00011207134,2.8675204e-05,2.510396e-09,0.00055508444,5.220753e-08,8.80745e-07,4.6079836e-06,0.46433482,1.5639715e-05,1.796486e-07,0.001079041,5.177026e-07
0.00027234713,3.4426753e-06,6.241975e-08,3.035768e-07,7.916106e-07,0.003775847,3.189263e-08,0.9957082,2.2594586e-10,4.864873e-08,9.632114e-07,1.5164878e-06,0.00022916174,6.6471666e-06,5.9959007e-07,1.4718746e-09
7.3614414e-05,0.0034316548,3.8373687e-06,0.0005589503,0.0028532587,0.00056599034,5.255558e-09,0.0006921613,2.0861155e-05,0.31550485,0.08834417,1.0340851e-06,0.00010188536,6.2206404e-09,0.0047572935,0.5830904
0.0051634875,2.7469426e-07,0.7961167,4.210206e-05,1.8910986e-06,7.1480375e-05,3.0066002e-11,0.014242862,1.4734493e-08,0.00019591949,5.7568673e-06,4.7136375e-05,0.18408349,1.0095193e-06,2.7314389e-05,5.1277914e-07
0.1351076,0.2287891,4.475796e-06,0.00062668126,0.00959983,0.5713943,2.9886898e-05,0.042107593,1.2768584e-05,0.00037509116,0.0040835864,0.0035683904,0.0021591585,0.0019548626,0.00010082693,8.5818494e-05
0.000518516,1.5871609e-07,3.7115174e-07,1.0004545e-07,0.99943,5.349524e-06,2.4369921e-11,1.5592273e-05,8.185474e-07,1.0682509e-08,6.937828e-06,3.8108996e-09,2.0998502e-06,8.612895e-09,3.9034774e-08,1.990148e-05
0.0023574927,1.4612876e-06,6.6595163e-07,1.7427867e-08,0.7992694,0.00010016129,1.2878297e-09,0.19789116,3.5629408e-05,9.8168684e-08,3.4431658e-05,1.0045543e-06,0.00023742985,1.6256461e-08,4.0815674e-05,3.0260067e-05
0.0018562042,0.00010867384,1.3999724e-05,2.6476223e-06,0.9566711,6.438141e-05,4.8068504e-08,0.016099976,2.0049881e-06,1.0582856e-05,0.020421384,0.0022768895,1.3655169e-05,8.8509415e-07,0.002454363,3.1765132e-06
6.542105e-05,1.1629692e-07,3.6891738e-06,5.8247305e-09,6.4278106e-07,1.1066713e-05,3.3962896e-10,0.9996395,1.2534262e-07,2.5087277e-06,1.0248789e-05,1.2323132e-07,0.00011343733,3.693146e-07,0.00014961636,3.0913282e-06
0.9031026,9.994236e-06,0.00039822058,5.7555048e-05,0.009713791,0.0033488872,8.5591106e-10,0.053215716,7.025763e-06,0.00027725322,0.0005921544,0.019253256,0.006370338,3.3034648e-06,0.0035485364,0.00010160169
7.64143e-06,2.4837645e-09,1.4942024e-06,4.4976665e-11,0.9996505,2.8606296e-08,1.0273045e-12,0.00022891654,1.4308271e-08,3.8827982e-10,1.052509e-05,1.466432e-07,7.0268776e-08,5.1072573e-11,0.00010065831,4.9919915e-08
9.960974e-05,1.7335221e-08,4.0854493e-07,1.0290304e-09,0.9954802,5.732535e-07,3.9142887e-11,0.0043974174,2.6784692e-06,4.948771e-09,1.1435787e-06,1.10887925e-07,6.4519254e-06,7.5143447e-10,4.600516e-06,6.7735127e-06
0.0010257565,1.2888213e-06,0.0015969158,1.3720256e-06,0.00035754105,0.009438212,8.00157e-06,0.90293837,0.00021238354,9.502865e-05,0.06272037,3.1125e-05,0.0007837767,7.991556e-06,0.020761335,2.0612568e-05
0.25945443,2.313705e-05,3.3793585e-05,0.04755262,0.2921678,0.11894776,1.3150678e-06,0.0024697818,0.21876672,2.0900292e-05,1.9097655e-05,0.012872702,0.0002651772,0.04467161,4.941433e-05,0.002683661
1.3032131e-07,9.060181e-11,5.168159e-07,1.5604537e-10,0.99999917,2.364803e-10,2.6006876e-14,9.006404e-08,1.5328704e-08,1.1059064e-11,1.9397524e-08,2.3159372e-11,1.1601705e-10,1.5360134e-12,2.8608864e-11,5.0309295e-09
0.0072274962,5.9585705e-08,5.0302424e-07,6.511626e-06,1.5999437e-06,3.837198e-06,9.560028e-10,0.00047663887,7.990237e-09,7.2823565e-09,4.6573477e-06,0.7109567,3.016951e-06,2.8706497e-06,0.2813161,8.361088e-09
0.035526026,0.00048336908,3.313721e-05,0.0029125365,0.6819244,0.011867718,1.887669e-07,0.0061593074,3.972322e-05,1.8733695e-06,1.671647e-05,0.26067916,7.538517e-05,0.00026444418,8.836576e-06,7.2502285e-06
0.0338419,0.0001760426,3.0174722e-05,0.026422445,0.0003413723,0.0064198505,3.718645e-06,0.0012914365,3.1115116e-05,1.2236045e-05,4.0329403e-05,0.03620454,0.00052644446,0.8943486,0.00030266918,7.093468e-06
0.12938035,8.7826425e-07,0.0038340895,0.00093307224,0.007734706,0.00012534604,3.4812466e-08,0.05150667,8.390457e-06,1.7105956e-05,0.0061054775,0.00039792762,0.0053342837,2.5858923e-05,0.79444146,0.00015444198
6.157948e-05,2.71551e-07,2.7602414e-07,1.0452403e-09,0.9981487,1.3116941e-07,3.3206233e-11,0.00024003143,5.7487067e-11,1.8230594e-08,0.0013388357,0.00013542532,1.0520483e-06,2.359198e-10,7.369558e-05,1.1222383e-07
0.026036372,0.005098007,6.622974e-05,0.0001451985,0.2641625,0.17811193,0.00024923458,0.15764973,8.6613145e-05,0.00681242,0.019710949,0.00432582,0.03018902,0.30161834,0.0043087336,0.0014288642
0.6019388,1.14533805e-07,4.270161e-08,4.780286e-07,0.011324088,6.880934e-05,4.723965e-10,0.047799975,2.6311602e-07,7.813306e-06,9.25569e-05,8.434601e-06,0.33448347,2.1262844e-05,0.00078116974,0.0034728688
0.0059426017,4.8421956e-05,4.2951342e-05,0.050022878,0.06473361,0.011559504,4.0980547e-07,0.024073776,1.12416465e-05,7.4675796e-07,0.00953841,0.18807481,0.00035414437,2.804588e-06,0.64546764,0.00012605081
4.9830425e-05,3.3526185e-06,1.5437597e-07,8.982203e-09,0.9996685,7.305347e-06,7.15869e-11,0.00026424904,2.0510667e-10,2.076598e-10,7.9700885e-07,4.7361677e-06,9.0071234e-07,3.5673633e-10,1.3489384e-07,3.1782058e-08
0.0005632597,0.0067149866,5.0776275e-06,2.7750943e-06,0.9639216,0.020503625,0.00057276926,0.0017464913,1.7079024e-05,8.32072e-05,0.0021072933,0.00058927864,0.0011215861,0.0019607726,5.6354038e-05,3.3838634e-05
6.326433e-05,7.902715e-06,1.23441e-08,0.002441239,0.0007670576,0.9956067,4.1651944e-07,1.7215807e-05,5.066661e-07,1.8869548e-09,3.7858328e-05,0.0010136247,3.1125822e-07,7.91983e-07,4.2665524e-05,3.0400443e-07
0.57838947,1.2061294e-06,0.00073073135,8.590672e-06,0.00035478218,3.445345e-05,1.1103836e-09,0.0073832683,8.692764e-08,3.8872592e-08,0.00029861613,0.38606763,1.8701261e-05,7.4644454e-06,0.026704889,1.1148177e-07
4.4295416e-07,1.472294e-10,4.125239e-06,6.857274e-10,0.99999356,1.9714674e-09,1.4605389e-13,1.7400853e-06,8.110524e-10,2.875888e-11,1.0855617e-07,1.0934984e-10,1.5471716e-09,1.4790559e-12,4.4137574e-09,3.8911177e-09
2.5806284e-07,0.00010237028,1.8569798e-09,0.00024557588,2.4642347e-06,0.9954104,1.252318e-05,3.789052e-05,1.526985e-06,2.1874384e-06,0.0039620996,6.760119e-06,0.00013392461,1.5766975e-05,6.1017254e-05,5.2366986e-06
0.14433856,7.0294736e-05,0.11742046,0.57543427,0.037367783,0.093517736,1.0650616e-07,0.0049788808,0.011284071,0.00020041002,0.00013088188,0.0002902321,0.009042139,0.0051311445,0.0003061804,0.0004868471
0.00059287855,3.766707e-10,1.6027357e-08,1.2711244e-09,1.0285547e-07,6.888565e-08,1.679915e-12,0.00013939744,2.1245819e-10,4.014429e-10,1.5030929e-06,0.046213917,2.1980818e-06,2.2582675e-08,0.9530499,5.3744825e-10
4.710143e-05,0.00031852964,0.007671431,0.0063725193,0.00511339,0.0010115801,3.3363525e-05,0.003008618,1.7227154e-05,0.8678718,0.0020931023,0.0015287615,0.077158175,0.00031987758,0.0060158907,0.021418527
0.001483552,3.1070822e-06,0.00020359513,0.028825585,0.00011630643,0.0018369913,4.0282112e-07,0.0010064619,4.3983786e-05,0.00088856684,0.31802434,0.0115438,0.0012965681,0.00044488313,0.6341934,8.84304e-05
3.7087605e-06,1.4879678e-12,1.1094799e-12,3.2082837e-14,5.5710055e-11,1.4425616e-07,4.621072e-15,0.99989164,5.4777866e-15,3.1694877e-16,1.4071723e-14,2.2937114e-09,0.000103734565,6.3349086e-15,7.2614523e-07,3.1131343e-15
0.00038833456,1.166054e-06,4.2707372e-05,0.05377955,0.0013512623,0.019589584,1.3188492e-07,0.002154731,2.0511113e-06,6.3902075e-06,0.5492979,0.0055381046,0.00013574731,1.3429278e-06,0.36651042,0.0012005552
5.3779837e-05,2.0621628e-05,8.03367e-07,0.00028294034,0.8321891,0.10544318,6.77437e-07,0.0017875013,5.129779e-07,1.1080477e-07,0.030625736,0.0011199791,7.3762562e-06,4.0644807e-07,0.028449235,1.815652e-05
0.0031942695,0.00022474212,0.46000487,0.06042456,0.38229236,0.069844976,7.201737e-07,0.0072144796,0.007552188,0.0016262351,0.00084568834,0.0014176986,0.0039144903,0.00034847917,0.00065255,0.00044173477
4.7109673e-08,6.2072045e-09,0.99414366,1.40884e-08,0.0055769538,8.535078e-07,1.0208645e-08,6.405269e-05,3.9897166e-10,4.3710747e-06,2.5995105e-06,5.661424e-07,0.00013046639,2.991316e-08,7.639479e-05,7.912649e-09
0.03981592,0.0009945924,0.00011243263,0.040140755,0.018542727,0.04998637,1.30139415e-05,0.0038224866,2.4305522e-05,0.0006484768,0.046157885,0.08067942,0.1716444,0.45214504,0.0948766,0.00039565528
1.5602466e-06,7.443916e-10,1.5114777e-07,5.045026e-10,0.99999785,4.6407185e-09,7.6978246e-14,4.031707e-07,3.3286571e-09,4.685513e-11,2.8200217e-08,4.7339858e-11,2.5361175e-09,6.8964235e-12,2.1316197e-10,9.4266674e-09
0.12166448,0.016760152,3.941692e-05,0.0009334327,0.7446217,0.017091105,2.996494e-05,0.020086143,9.744218e-06,1.9353498e-05,0.02710643,0.044322472,0.0014256536,0.0013871229,0.004395703,0.00010714435
0.16200475,0.00057003647,8.829832e-05,0.006667335,0.005977721,0.33785722,8.024275e-06,0.0016378157,2.8888093e-05,5.2803833e-05,0.00512276,0.25838226,0.0027815623,0.16003078,0.05863021,0.00015961457
5.813886e-06,1.9952745e-08,1.8066885e-06,4.7720977e-10,0.99724317,4.6770674e-06,3.4900745e-11,0.002011648,3.0276555e-09,2.1742799e-09,0.00029837497,4.212326e-06,1.8695524e-06,2.2327e-09,0.00042709173,1.2378231e-06
0.17970303,4.2789557e-07,5.808393e-06,2.6399254e-08,0.0004127657,5.830924e-05,6.428106e-11,0.0075463774,9.7869666e-08,6.9904513e-09,7.788401e-07,0.7118952,2.4252216e-05,1.2271534e-05,0.10034062,1.7450407e-08
9.312051e-07,0.0016116695,1.8206038e-07,1.856559e-06,0.9880454,0.0006928215,6.8276586e-07,1.5681787e-06,7.9076864e-07,6.1209244e-06,0.007871365,1.4738646e-06,2.024632e-06,7.081877e-09,0.0017626407,5.266183e-07
2.8288203e-05,1.772172e-08,0.00013900033,2.3167946e-08,0.9778917,2.077106e-06,6.1498105e-11,7.147663e-05,2.0831554e-07,3.961454e-08,0.021786807,5.3012616e-07,5.5894446e-08,5.4207877e-10,7.691438e-05,2.8574511e-06
0.0034650736,2.2201101e-07,0.2610256,5.425112e-06,0.2657446,2.1026997e-05,3.3393147e-07,0.031504743,1.127965e-06,1.491403e-05,0.07576914,0.00044645273,0.00018589738,3.8399153e-07,0.36130065,0.0005143535
0.00027636508,3.2559449e-06,0.027355727,1.3434129e-06,0.6921606,0.00019284581,1.729583e-07,0.001385451,9.356629e-05,3.2736156e-05,0.27713355,2.5437373e-06,9.451811e-07,2.2521717e-06,0.0012624911,9.6230404e-05
5.643925e-05,2.7603681e-07,3.94257e-06,1.8749962e-06,0.042033833,0.001404631,2.1061524e-09,5.9558715e-05,0.00010783126,1.9704203e-05,0.0004923891,4.154202e-07,5.6978715e-05,4.7111897e-07,4.817633e-06,0.95575684
0.00017924429,3.5162483e-07,5.725441e-07,8.116767e-09,0.9782031,3.2980162e-05,2.3731042e-10,0.021503348,3.6103518e-06,1.9610319e-08,7.126083e-06,4.2444074e-07,5.249883e-05,2.5759521e-09,8.739907e-06,8.021917e-06
0.9819478,3.9752873e-10,3.071363e-08,1.6164108e-06,2.3488836e-07,2.8950044e-05,1.44939095e-11,2.9844457e-06,4.4013962e-08,4.9467617e-05,1.1256313e-06,3.3988595e-08,0.0030828963,0.0146974195,8.875549e-07,0.0001864106
2.0579154e-08,3.151606e-05,7.360799e-12,1.3069429e-05,7.5670496e-06,0.9999473,1.3489833e-08,3.1989213e-08,7.6540644e-08,9.6734884e-11,1.776515e-07,5.5136438e-09,3.0526577e-09,2.2782771e-09,1.2647455e-07,7.9566455e-08
0.02116728,1.2355174e-07,1.7704866e-06,3.3467487e-08,0.028420346,7.11257e-05,4.32478e-09,0.95006686,0.00017300739,2.3965205e-07,2.4777873e-05,4.297384e-08,4.1808056e-05,1.720278e-06,9.688633e-07,2.9906838e-05
0.000804083,3.7566883e-06,0.0001895959,0.0003658143,0.00073107687,0.0010555284,4.098465e-07,0.003791956,1.1071277e-05,1.9209212e-05,0.0013529246,0.37014198,0.0035465276,0.0001260347,0.61782736,3.265709e-05
0.0002791586,7.0819844e-08,0.4456938,2.1857632e-07,0.46607348,6.2369622e-06,2.0052067e-09,0.004916613,2.7985787e-05,3.5023893e-07,0.009787966,4.696297e-06,8.795342e-06,3.1953594e-08,0.07319932,1.2560218e-06
1.0292241e-05,3.1177754e-07,3.0502582e-05,9.307465e-06,5.6696696e-05,2.49618e-06,4.637409e-08,0.00022954433,9.028575e-08,4.3032398e-07,0.0015639538,0.0012565864,1.0846997e-05,5.9031663e-06,0.99682283,1.7823042e-07
1.552849e-05,2.701725e-08,4.5634138e-06,1.5062014e-09,0.9890511,1.698116e-05,2.0678691e-11,0.0030123245,3.5812167e-09,3.5246799e-09,0.00030021617,4.2600077e-06,3.8372277e-06,4.02099e-09,0.0075904587,7.565561e-07
0.0010847239,4.2120536e-08,2.3579345e-05,4.7963744e-07,3.2264309e-06,6.3897744e-07,7.750193e-09,9.850735e-05,2.528938e-08,1.2700198e-07,0.018757835,0.002854021,2.7277912e-07,3.6903405e-06,0.9771728,8.680836e-08
5.227179e-08,5.7943865e-08,4.871128e-10,1.0989946e-10,0.99999857,6.894522e-08,3.0257247e-13,6.5908597e-07,1.6812748e-12,5.3482292e-12,5.3931103e-07,7.373479e-10,2.944048e-10,2.4909083e-12,5.0309305e-11,4.6176918e-10
0.021966675,2.5929558e-05,0.00097019656,0.05189504,0.00019310115,0.031937983,7.1011726e-07,0.0010766137,5.2440922e-05,1.2540783e-05,0.00014442705,0.06348719,0.0027704565,0.8245342,0.000850219,8.231654e-05
0.32883206,5.1223224e-06,4.4415824e-06,6.8696268e-06,0.6545403,0.0014010678,3.7877705e-08,0.003041005,7.5724216e-05,4.358935e-05,0.0011406847,0.00032902262,0.00023951827,5.4750566e-05,0.009961695,0.00032402985
0.0117685655,1.5034333e-06,7.0846094e-05,9.1559064e-05,0.45109287,0.00051263947,1.337104e-07,0.4633775,0.0006463952,4.5494176e-05,0.037130542,0.00706053,0.0038828768,1.0125983e-05,0.022801664,0.0015066953
3.013726e-06,4.802679e-10,3.3606245e-08,5.89849e-10,4.719166e-06,2.5403083e-06,1.682862e-11,4.35326e-07,4.282094e-08,1.118753e-07,8.304777e-06,2.1109157e-10,4.146536e-07,3.1956955e-09,4.3300807e-09,0.99998033
0.0061485767,1.6296675e-05,6.320142e-05,5.359256e-06,0.0008891923,0.0034496428,9.716847e-07,0.0032494022,0.0002698033,0.0001231811,0.00024764187,9.091736e-06,0.047667943,0.034503616,0.00022938737,0.90312666
1.086247e-06,4.0717094e-07,2.1787362e-06,2.0999949e-10,0.99529845,1.1254177e-07,2.8853801e-11,0.000115132156,1.8144015e-10,2.0875092e-08,0.004396392,3.6519825e-06,5.3904127e-08,6.746838e-10,0.00018232585,1.9121374e-07
0.02703048,4.690739e-07,0.038712393,0.00044783158,0.0007741581,0.00021518813,1.0109898e-07,0.015967429,2.3423745e-06,8.974954e-05,0.021227228,0.13639776,0.002284323,0.00013196406,0.7566743,4.4242784e-05
2.170166e-06,8.9126224e-05,0.4617949,0.011118199,0.48930153,0.000779163,1.8137076e-05,6.860781e-05,3.4881995e-07,0.0013731904,0.035108946,4.2592736e-05,6.923803e-05,2.9970846e-07,7.803141e-05,0.00015544602
0.18959107,0.018269468,3.7156373e-05,8.016624e-06,0.008830366,0.19673999,4.2737654e-05,0.3354511,4.976546e-05,6.811648e-05,0.073741496,0.03500259,0.001119663,0.13378605,0.0072505875,1.1826263e-05
0.0077292095,0.00011769271,0.0066469093,0.00020592754,0.012958417,0.13914524,3.9408947e-06,0.60867256,0.0136832455,0.0017065214,0.12507282,0.00020079078,0.0006739617,7.600205e-05,0.080421835,0.002684918
0.28083715,3.838773e-08,3.1315605e-05,1.2915655e-05,0.4553284,0.00016558554,1.7278274e-11,0.0047541307,4.3794785e-06,4.2508673e-05,7.9193465e-05,0.00019883744,0.051399607,1.2531702e-06,0.0044690236,0.20267564
0.00086193805,1.5734151e-06,6.594266e-08,2.2323925e-09,0.9879131,4.438576e-05,5.7116245e-10,0.011121417,5.2601877e-07,2.788833e-09,1.5032294e-05,1.7869727e-08,4.9985388e-06,2.225365e-09,6.9851545e-08,3.6942376e-05
3.0345334e-06,1.132161e-06,9.2223935e-08,3.1942823e-06,0.9995128,3.9876075e-05,1.5909766e-09,0.00038686668,1.8892711e-08,1.624614e-08,2.9835312e-05,4.719853e-06,3.3976864e-06,5.2497924e-08,1.4322431e-05,5.8997233e-07
0.0025183596,4.7984497e-07,3.1900003e-09,0.012569968,1.3516656e-05,0.9845744,6.9728525e-09,7.564281e-06,2.8660392e-09,3.5305353e-10,1.7791503e-05,1.9098605e-05,6.300343e-07,2.2287054e-08,0.0002777894,4.2387464e-07
0.10533024,8.3494484e-07,1.26217465e-05,8.2228723e-07,0.3192503,7.258013e-06,4.5612165e-08,0.009944479,7.929382e-09,9.668595e-07,0.082784556,0.0003296601,5.218742e-05,0.00019983754,0.48208573,4.3315669e-07
6.0431303e-05,0.015958196,4.008587e-05,0.23858449,0.0028082284,0.16867194,9.076513e-05,0.0004930197,9.2583505e-06,2.584293e-05,0.5343588,0.00036154487,0.00019714236,2.1353639e-05,0.038295586,2.3257231e-05
0.0035646409,0.004335986,4.712381e-05,0.00039644892,0.3067041,0.48085842,2.6600736e-07,0.032157093,0.00038419943,2.4440445e-05,0.16577572,3.035771e-05,1.6632448e-05,3.3578783e-06,0.0056986054,2.4327417e-06
0.7047296,3.223058e-05,0.00042598892,0.02001864,0.00031780344,0.14042139,1.3895837e-08,0.0013943224,0.00018875014,1.92988e-05,0.0024733357,0.0010103241,0.05828523,0.06268733,0.007576687,0.0004189754
0.00816596,1.2400512e-08,0.11032502,1.1201376e-07,0.17199613,1.39846525e-05,5.340657e-11,0.020725338,4.3998972e-07,3.0688827e-07,0.6263191,6.825394e-05,1.0453245e-05,1.833309e-09,0.06235989,1.49266025e-05
0.0007205356,4.414674e-06,2.4226307e-05,1.637081e-05,0.495386,0.008498296,3.0077707e-08,0.292033,8.85426e-06,1.2937293e-05,0.118959896,0.0022721675,0.001997012,2.883349e-06,0.0268492,0.05321413
0.88234925,0.00078338565,0.0022634058,0.0007318619,0.042295083,0.01469471,4.4896856e-06,0.037109878,5.5997953e-06,1.1378134e-05,0.01458543,0.0011993226,7.7813806e-05,0.003395214,0.0004919084,1.3677629e-06
9.311399e-08,4.898501e-06,3.8124632e-09,0.0008996621,3.317442e-08,0.9989518,1.6598018e-07,3.1956955e-07,7.228866e-09,1.920445e-09,0.00013864363,1.5741867e-07,5.501123e-08,6.089946e-07,2.4995509e-06,1.0536039e-06
0.00028613556,5.187583e-10,1.5887641e-10,3.8163007e-11,0.9977465,3.2637513e-07,1.989403e-14,0.00016615451,5.128565e-10,2.9615262e-12,8.7019487e-13,1.3922667e-11,0.0017999018,2.0334364e-14,8.4850865e-07,3.3100803e-11
3.6940808e-06,1.0883621e-07,2.1932803e-13,4.28924e-06,4.190291e-08,0.9999893,1.5110179e-11,2.4478306e-06,1.6346601e-11,1.0506192e-12,8.763505e-11,5.3272836e-10,1.0698283e-07,9.63471e-11,1.8313211e-09,1.0297709e-10
0.009611133,1.6973951e-07,1.8345177e-06,4.9031285e-05,0.00043849373,0.014319582,2.10491e-08,0.0024775772,4.8894623e-08,3.2848142e-09,6.4079886e-06,0.71667767,1.3378265e-05,4.5345743e-07,0.2564042,1.1779088e-08
0.0010424496,5.221018e-10,6.115377e-07,7.969963e-07,0.00010940031,4.849741e-07,1.5107329e-11,1.2128208e-06,1.5393312e-07,1.76956e-06,0.00020229255,6.591047e-08,1.3708734e-05,2.2687311e-07,4.043843e-06,0.9986228
0.0024826592,5.92232e-05,0.0009537835,4.58685e-06,0.148035,0.00012666603,5.1531813e-08,0.015993027,2.8810344e-08,5.738538e-07,0.7338185,0.009693154,1.6477179e-05,3.2105999e-07,0.08881491,1.011184e-06
2.8057062e-05,1.2274646e-06,5.589453e-05,2.0400942e-06,2.7348385e-06,7.987253e-06,9.549266e-10,2.6205209e-05,3.5221115e-09,7.498697e-09,3.8071013e-07,0.99959534,9.483058e-05,4.4149615e-06,0.0001809184,2.2729403e-09
0.009884922,0.023594378,0.0003881989,0.00090313406,0.14705402,0.007273366,0.0013933115,0.015374268,6.6576584e-05,0.02017094,0.110440955,0.002241781,0.08364788,0.5387445,0.038140655,0.0006811183
2.6935675e-08,3.8945273e-06,5.4179145e-05,0.00068726303,1.2194442e-05,1.0784089e-05,8.4798785e-08,3.0614415e-06,6.1588175e-09,2.8645682e-06,0.99840206,1.6218758e-06,1.4023138e-07,1.525083e-09,0.000818743,3.06405e-06
0.0059920615,0.00046098797,1.7705117e-05,0.000886889,0.02705338,0.3000135,0.0004226761,0.0016348759,2.8910214e-05,2.4322098e-05,0.11037218,0.070190124,0.00054165366,0.00092306995,0.4812604,0.00017724345
0.033667307,6.29578e-07,7.268987e-06,1.1999228e-07,0.13650087,7.388588e-05,4.2340966e-09,0.82867676,0.0005379048,1.2355455e-06,0.00025214168,9.536358e-08,8.141845e-05,2.4919177e-06,2.9070718e-06,0.00019493385
0.0014994578,4.858991e-06,0.29699448,7.746273e-06,0.6158439,0.000661646,2.3983623e-07,0.023838283,0.0004653916,0.00053555646,0.05558587,0.0017209313,0.0013146261,3.97401e-05,0.00059654465,0.0008907701
0.027730467,0.00031474902,8.9774363e-07,0.0005416758,0.9068193,0.0038280361,7.633295e-06,0.017245917,0.00015186566,3.6429723e-05,0.0023689466,0.00012657886,0.028159369,0.0027910175,5.3761956e-05,0.009823239
3.0365252e-11,4.9892137e-08,2.0362979e-08,7.803688e-06,6.0967884e-11,7.410724e-10,4.6869393e-09,9.8686295e-09,8.3239006e-11,0.9999864,1.1396374e-06,8.03308e-08,7.9870216e-07,1.0127951e-06,3.1396436e-08,2.561618e-06
0.0011794334,7.050382e-07,5.9474864e-08,3.8330654e-07,8.0441293e-07,1.1531687e-06,1.5836582e-09,4.301682e-05,7.1858497e-10,3.869568e-10,2.5707712e-09,0.99450904,0.0018156975,6.0985403e-06,0.002443683,1.4111397e-10
1.6550844e-06,2.3808055e-07,4.7726377e-07,1.163604e-09,6.831258e-06,1.5605493e-06,1.08369196e-10,0.009373808,4.7839266e-10,1.8095765e-08,1.1567785e-05,0.0003723915,0.00083004544,1.1317666e-09,0.9894014,1.3903081e-09
0.034476206,7.459742e-09,0.0008952707,2.572399e-07,0.00018584456,4.4517616e-05,8.7443697e-10,0.21392447,1.1206624e-08,1.2055027e-07,2.6522275e-06,0.0009835059,0.0015104346,4.966334e-08,0.7479747,1.9061694e-06
0.9999995,2.3609145e-10,1.2856419e-08,2.1764517e-08,2.979685e-07,3.4781255e-08,8.039886e-15,3.491599e-08,3.866774e-11,7.478955e-13,4.3222028e-12,2.5380055e-08,5.752442e-10,2.5904685e-08,4.03294e-09,1.430666e-12
0.9703407,2.4831548e-08,2.519964e-07,9.372991e-06,2.3858836e-05,4.5040673e-05,1.3961601e-09,0.0070760204,6.197967e-07,1.1681353e-05,9.035521e-06,9.600171e-08,0.014828425,0.007356578,0.0002909591,7.5182493e-06
0.05659786,1.5522486e-10,3.450977e-05,6.5478534e-09,5.533381e-08,2.6548466e-06,1.7390345e-12,0.05641732,3.9223944e-11,3.5766332e-09,7.315374e-07,0.11116516,0.0006316124,2.7817432e-08,0.77515,1.1264883e-08
1.9710885e-06,2.1031449e-08,1.3455795e-07,1.3561904e-10,3.3520041e-06,2.4081112e-07,1.1173479e-10,0.0012694444,3.4361853e-09,5.7004934e-10,6.3459623e-07,4.7039953e-06,1.2026877e-06,1.8330656e-09,0.99871826,2.0317557e-10
1.2357419e-06,3.211646e-05,2.0108062e-06,7.1049704e-05,9.826994e-06,0.055442415,0.5130508,9.1046066e-05,0.00010290487,0.0016369243,0.4281817,6.3742536e-06,0.00016596312,5.2684023e-05,0.0011505532,2.3163732e-06
0.00083710655,6.760572e-06,0.1433891,1.002269e-06,0.12642524,8.5253e-06,2.598852e-10,0.0001879102,1.2262507e-07,2.9269102e-06,9.1737724e-07,0.029045958,0.3763136,4.0645984e-09,0.32377425,6.643171e-06
0.0028740892,0.009743145,7.914025e-06,0.0030123387,0.000121213874,0.6099204,4.3935644e-05,0.015085937,5.1163693e-06,4.260617e-06,0.26934442,0.0533394,0.000108723,0.0001867346,0.03619516,7.2512935e-06
2.8157441e-05,7.311868e-07,0.000114638126,1.9138832e-07,0.0033883012,1.0057971e-06,2.4109072e-08,0.0012476441,4.2563098e-08,1.3488452e-06,0.15737984,0.0021261924,8.933856e-06,3.123222e-07,0.8357021,5.8299076e-07
0.0006939039,2.3172862e-07,9.528543e-06,7.4291955e-07,8.4087456e-05,2.4962117e-06,5.6734596e-08,8.52654e-05,3.2684817e-08,2.3941666e-07,0.03131629,0.0018062136,4.632197e-07,6.283671e-07,0.96599936,4.9263093e-07
7.086982e-06,6.4485897e-07,2.6943103e-06,3.8659578e-09,0.00011693538,1.4696211e-05,1.2206129e-08,0.06921295,2.3863278e-08,3.865569e-08,4.5438555e-06,2.5128937e-05,3.0582247e-05,6.426794e-09,0.9305847,1.3042241e-09
3.2747233e-05,4.3053064e-05,8.1328416e-08,0.00018815731,0.00424179,0.9930184,5.3696218e-05,9.30806e-05,1.1348505e-07,1.4186179e-08,0.00015344551,0.0013393237,2.9165253e-06,5.0308577e-06,0.0008280888,2.380311e-07
0.042365566,0.00010216959,0.00016064201,0.0047168736,0.00083818706,0.034073934,0.0012446045,0.5581331,3.83367e-05,6.92484e-05,0.018577218,0.07062402,0.018635148,0.16547902,0.084910594,3.1350108e-05
0.08613756,0.018279925,0.06458584,2.4275096e-05,0.015099339,0.0006336446,4.2690726e-06,0.024141133,4.671832e-06,0.0034558873,0.68518126,0.056980096,0.00042545734,0.0007708223,0.04427299,2.7988854e-06
0.50385475,6.0086475e-10,4.267441e-05,6.039813e-05,1.2701944e-05,0.00013540448,1.2855265e-12,0.26563942,3.525512e-09,8.5961545e-08,0.00389361,4.8543297e-05,0.00021069583,3.2801646e-09,0.22607587,2.5829828e-05
0.00040453832,8.7598755e-07,0.004543706,2.5620453e-05,0.09264445,0.009707004,5.6995585e-08,0.62360007,0.00097435043,0.00026166256,0.01996868,9.530076e-06,0.07413609,4.4458407e-06,0.005285694,0.1684332
0.0005728099,0.065523826,1.1911844e-05,9.578846e-05,0.16982906,0.009710999,0.00015319044,0.0090873465,0.0008806864,0.000807872,0.19137134,0.5333008,0.006163434,0.008039484,1.970721e-05,0.00443173
0.15253992,0.003497102,0.00030462773,0.00040867392,0.01367721,0.015503109,8.871465e-06,0.010111392,2.214059e-05,1.1114508e-05,0.0029233373,0.74446744,0.0002400593,0.051009223,0.0052650766,1.0694295e-05
4.6178212e-09,0.82203907,7.7549085e-11,4.879171e-08,1.71073e-05,0.17793922,6.512588e-07,5.768235e-08,4.0284034e-09,1.5859849e-08,5.9449314e-07,2.404824e-08,3.0534936e-06,8.446788e-08,3.97339e-10,1.108248e-08
0.00040536874,3.82064e-10,0.00059736636,1.4940803e-09,0.71333545,2.6200053e-07,3.109703e-10,0.28406364,5.9439877e-08,2.041772e-09,1.4817615e-06,4.4087037e-06,4.409549e-06,6.372523e-10,0.0015873613,1.5929433e-07
0.9356901,3.3029846e-07,1.28084375e-05,4.0403092e-06,0.00020891221,2.1066573e-05,3.1966183e-09,0.0058111697,3.331266e-07,4.4297335e-06,0.0046262424,3.9499273e-06,0.034292262,0.00065002614,0.018639518,3.4815683e-05
0.0022324873,0.0016508643,0.0010805259,0.0007642945,0.08497253,0.054416746,6.5003846e-08,0.43786585,0.0006956323,0.0013363899,0.33055428,3.3494016e-05,0.0036926314,2.9221384e-05,0.052723136,0.027951794
0.72475636,1.0231804e-07,0.00037904645,1.0184749e-06,0.26227018,5.4163393e-06,5.229072e-09,0.0069446377,0.0003452533,1.71931e-06,1.45557715e-05,0.00018446824,0.00033281528,7.2330965e-07,0.004697048,6.664699e-05
0.6141126,1.0776972e-06,0.0050894264,0.0009310083,0.1445341,0.0051986813,4.5592552e-07,0.018180316,0.0041380045,0.000111940695,0.0013789802,0.074403055,0.005558491,0.0021711905,0.1149622,0.009228408
0.0065580877,1.254176e-07,8.9093106e-07,7.4008417e-09,0.011385918,3.4971345e-05,1.0501212e-09,0.981989,5.43216e-06,8.585492e-08,8.188257e-06,1.334798e-08,1.1175466e-05,1.6979718e-07,5.1089603e-07,5.3559197e-06
0.0010380654,7.379179e-06,3.515588e-05,7.598506e-06,0.18575467,0.0045586517,3.984737e-08,0.623372,3.6433248e-06,4.2046254e-06,0.15117453,0.003326674,0.0016264018,3.6797346e-06,0.022130258,0.0069570765
0.0034230445,0.004143071,0.00032247027,4.9947383e-05,0.0043404913,0.0007701993,0.00023270228,0.0065271994,2.0548649e-05,0.00086192193,0.06675311,0.7946246,0.0007347261,0.023327729,0.093860336,7.992839e-06
0.0018859856,2.4857121e-05,2.0410605e-06,0.0011813592,0.00029199172,0.5131062,1.694802e-06,0.00045153085,9.0513913e-07,6.268583e-08,4.8075246e-05,0.47083658,2.6778533e-05,9.340032e-05,0.012045112,3.5100206e-06
0.002307602,0.14950651,3.3211814e-05,0.0029176704,0.029258966,0.38265598,0.003440012,0.294252,4.7981983e-05,0.0009187465,0.08378315,0.008998998,0.0037249215,0.008860544,0.02766869,0.0016250514
0.00027842703,0.00022237594,1.9298946e-07,2.2020382e-07,1.9198496e-05,0.0025070985,3.4009513e-08,0.9958574,1.2760941e-08,1.5516665e-09,1.4206137e-07,2.8247428e-05,0.0002415383,7.3803963e-09,0.00084511715,2.017485e-08
0.0021055434,8.730213e-10,0.32821167,2.6465473e-08,0.31973478,1.0306085e-06,2.5793603e-11,0.3397637,1.2455985e-09,4.6324885e-08,2.3974353e-05,4.148841e-05,4.353153e-06,4.227739e-10,0.010113401,3.2624634e-08
0.04391419,1.0857619e-05,7.271218e-05,1.3471235e-05,0.4518412,0.004998901,6.3898083e-06,0.4294479,0.00013711992,4.7622616e-06,0.014848318,0.0045386255,0.0009360746,0.00027119534,0.048898112,6.0161976e-05
0.9958962,5.0546234e-09,3.4663916e-08,8.974153e-09,4.5220795e-06,2.7699864e-08,6.585845e-10,0.00037064328,7.675999e-09,2.2852575e-08,6.549315e-05,1.11523626e-07,5.1696126e-05,1.5290136e-05,0.0035957966,9.744812e-08
5.0534007e-05,3.1974178e-05,0.61204034,2.0530324e-05,0.037445206,0.01190914,0.00028416762,0.28633496,0.0010940228,0.0073789624,0.0025953925,0.0007791652,0.03645336,8.604453e-06,0.00036517382,0.0032084098
0.9924975,5.827039e-09,4.4587498e-08,4.8096535e-07,5.1694346e-06,8.609125e-06,4.733779e-10,0.003640301,7.2079494e-08,1.9676877e-06,5.2203836e-06,1.7377953e-08,0.0026986597,0.0010274224,0.000113493974,9.031329e-07
0.8364927,0.034860596,0.00011355866,0.0029141856,0.016267654,0.044581894,4.6030486e-06,0.023016507,0.00015377415,1.7172875e-05,0.0007976029,0.030791994,0.0007522039,0.00061616366,0.008574,4.5511766e-05
0.00081771985,2.9753886e-08,0.0075513613,1.7864731e-07,0.85660976,3.9122756e-06,1.7644295e-09,0.13033922,1.1562405e-06,6.570754e-07,0.00038872153,9.812076e-06,8.695887e-06,1.5715514e-08,0.004203098,6.577312e-05
2.207988e-06,7.76244e-07,0.016076926,3.979967e-07,0.00043453573,0.0005278741,5.41348e-08,0.05140115,3.4979283e-07,9.6263015e-05,9.066709e-05,0.017740618,0.24050407,4.224807e-07,0.67312104,2.6505156e-06
0.00017503454,2.0842665e-05,7.2322656e-08,3.4829813e-05,5.7193356e-05,0.97662145,2.8103432e-06,9.4653136e-05,4.8434634e-07,1.136814e-08,0.00010494828,0.019099066,1.4737459e-06,1.0278377e-05,0.0037764346,3.7015374e-07
0.00017981803,0.00018573958,2.8772009e-05,9.10555e-05,0.00024830512,0.0009927299,1.0866538e-05,0.0014372559,3.8002365e-06,0.00010436529,0.5246946,0.005944429,0.00027049394,0.0001773216,0.46560013,3.0325231e-05
0.5331378,3.209936e-07,1.0035074e-08,0.00032596927,0.00017492937,0.41221198,7.438546e-11,7.3568094e-07,2.5461295e-06,1.8867551e-06,9.58511e-05,2.0267269e-08,0.0001160957,7.038848e-05,3.6137862e-06,0.053857848
8.6193555e-05,8.397959e-06,0.0001571303,0.00011731605,8.824246e-05,0.0004972249,3.4287928e-06,0.00028754483,4.6661492e-07,3.9471433e-05,0.002627562,0.00015412508,0.0008646793,5.993226e-05,0.99500304,5.1907896e-06
0.0014370688,0.0009394058,0.00045394994,7.5256845e-05,0.06871179,0.001165588,0.0011977177,0.15228167,7.1409127e-06,0.006733511,0.63688165,0.020076754,0.014345698,0.037051562,0.05850848,0.00013275904
0.4968423,0.00045463094,2.6654936e-05,1.8666924e-05,0.0045513567,0.030448727,3.7233806e-07,0.1993391,5.125893e-05,1.1376466e-06,0.09363199,0.09378397,9.2931026e-05,0.001157693,0.07958006,1.9103894e-05
6.519818e-05,0.0392556,4.4629205e-06,0.0021418955,0.0023501818,0.8270334,8.307232e-05,0.0001503084,0.00046068206,0.0008111411,0.0039721513,2.2245844e-05,0.12169897,0.0001400753,0.0014430996,0.00036752532
0.000115412724,0.0031267458,3.2656982e-07,1.122995e-05,0.24087411,0.08946837,0.00012074808,0.01427347,3.2052748e-07,2.8920938e-06,0.6488043,3.7725644e-05,5.7352545e-06,2.1949118e-06,0.0031413615,1.5119753e-05
5.052305e-07,1.772992e-08,1.0775757e-07,9.229857e-11,1.203751e-06,1.5038124e-06,8.0113294e-12,0.053699847,3.881742e-11,1.9716546e-09,1.4238339e-06,8.546939e-06,0.00025429516,4.499414e-11,0.9460326,1.00308845e-10
0.00043120928,2.9226923e-08,0.00059399713,7.3450416e-08,0.89142376,8.356268e-06,1.4433406e-11,0.00022462854,2.2420616e-07,2.7176748e-07,0.10708379,6.6572375e-06,2.9316044e-07,7.2649475e-10,0.0001338096,9.279467e-05
0.0010219504,1.2506453e-06,2.7271795e-05,7.132098e-06,2.2062972e-05,4.968081e-05,2.4911051e-08,3.062542e-05,8.328484e-08,8.710722e-08,0.00019775094,0.60706264,3.831369e-05,0.00017272028,0.39136827,3.1954592e-08
1.0091304e-05,2.6928573e-09,2.0127023e-13,4.1821845e-06,4.137203e-08,0.9999801,3.9500077e-11,1.3011796e-06,6.51476e-11,1.1676334e-11,7.4677e-11,2.0818711e-09,4.2701895e-06,5.723629e-08,5.8833565e-09,1.0398993e-09
0.0005908493,0.025904812,9.300264e-06,0.00019974855,0.86657375,0.0011575756,5.4800225e-06,0.040025275,1.1692214e-06,7.169429e-06,0.04874589,0.012442268,0.00040072997,5.8849076e-07,0.0038833194,5.2201874e-05
0.003431957,1.2783702e-09,6.2622266e-06,1.3740884e-09,0.0013644666,4.145132e-07,9.848341e-10,0.2321482,8.8892325e-09,4.1195616e-08,0.00014334577,4.0074672e-05,5.9137747e-05,2.1933856e-08,0.76280594,1.6065181e-07
0.0008831422,0.14106189,0.007828827,0.006359379,0.017540976,0.111140445,0.032758802,0.022220675,0.07619564,0.013639821,0.10342678,0.0044299257,0.09265538,0.08332391,0.28545153,0.0010829208
0.34975025,0.0007587406,1.3453725e-05,0.027493654,0.007525177,0.012162358,1.1112309e-06,0.015384242,3.6586277e-06,5.206767e-06,0.00013686832,0.56939536,0.00277168,0.0008250477,0.013763684,9.433373e-06
0.0013010474,2.3766727e-07,1.119951e-05,4.6456193e-05,1.8206383e-06,1.741913e-05,7.037417e-09,1.2788558e-05,1.6298072e-08,1.3423707e-07,6.0521983e-05,0.014091968,5.9220885e-05,1.3852e-05,0.9843833,3.146969e-08
0.0134747485,0.0025218285,7.619373e-05,0.00014044237,0.021669807,0.24996516,0.003704895,0.023198687,0.0028161926,0.0056990148,0.0011362843,4.4068332e-05,0.12159081,0.5532049,0.00033278344,0.00042410733
0.27591604,0.026043301,3.672966e-05,0.00086171436,0.37910807,0.05359253,4.8621155e-06,0.115577415,6.213195e-05,0.00019417873,0.0011688626,0.041722365,0.016687032,0.08709456,0.0018737344,5.6460864e-05
0.2869193,9.1013735e-06,0.0015524435,5.697914e-05,0.3505449,0.00039727736,3.2465596e-08,0.23883905,8.1966823e-07,8.5072105e-07,0.0077278274,0.06726416,0.0014311236,4.0127205e-05,0.045203876,1.2135389e-05
0.001386688,0.00014455906,4.3911696e-05,1.12973375e-07,0.9363355,0.0007287565,5.2622546e-08,0.05742296,4.3056087e-05,3.71124e-06,0.000119387594,0.0008576312,0.0022707193,2.3567243e-05,0.00019855633,0.00042097198
4.933655e-05,2.7047207e-08,7.105141e-05,1.0663794e-09,0.8387982,4.0246778e-05,7.134955e-11,0.1290423,2.6730262e-08,1.1052069e-08,0.002034641,2.4369594e-05,8.231286e-06,2.0507775e-09,0.029931255,2.7730775e-07
0.05862061,9.554212e-07,0.036230866,2.3219627e-06,0.057180237,1.9869192e-06,9.938741e-09,0.09654938,1.254194e-07,7.2515713e-06,0.721192,0.012583949,0.0038275085,2.2130465e-07,0.013780957,2.1598587e-05
0.8341784,2.116458e-06,0.00040721422,0.00021451102,0.00019976232,4.0198745e-05,1.0750808e-08,0.0009110569,1.0161828e-07,1.2642234e-07,9.784234e-05,0.10542494,3.521226e-05,0.00031102815,0.058177166,2.9112695e-07
0.22411531,3.248611e-08,2.234218e-08,4.3774975e-09,0.0037548037,2.6940925e-06,5.806239e-12,0.08218278,2.2833631e-10,2.8947775e-10,3.0642394e-05,8.556466e-05,2.6871068e-05,7.9398904e-10,0.6898012,4.2488434e-08
0.08361012,0.001187676,8.9365285e-06,3.944589e-06,0.86896837,0.011082347,1.4986613e-08,0.008842804,6.8001896e-07,4.445633e-06,0.00026284976,0.0023917104,0.0017360249,7.0828723e-06,0.02187676,1.62695e-05
4.6717546e-06,3.5404195e-08,8.330964e-08,1.2600175e-07,0.00030203734,4.6589608e-07,6.0200555e-12,1.2730539e-05,9.687741e-09,2.2721895e-06,0.99811685,1.5839294e-08,1.7426997e-06,5.591317e-09,7.144823e-08,0.0015588556
0.0039957934,0.00027051757,0.0031926557,1.6655974e-06,0.0061759586,0.00165144,6.405984e-08,0.30677745,8.1521824e-07,3.5978908e-07,6.4121027e-06,0.67743045,0.00025943833,0.00013305694,0.00010386091,8.54865e-08
6.180012e-07,2.7618604e-08,8.2905855e-05,6.0639485e-09,0.0001990586,4.9418173e-07,1.8869228e-09,0.00016214742,2.3575495e-09,5.653914e-09,1.0014523e-05,1.4185238e-05,2.6786606e-07,3.191103e-09,0.9995303,1.024631e-09
0.00078415,3.4672191e-06,4.5184228e-05,1.3413248e-07,0.96385396,0.0004434734,3.5058332e-09,0.013927402,3.750957e-06,1.038815e-07,0.00092655973,2.436882e-06,9.950143e-05,3.2316617e-08,0.01984029,6.954757e-05
0.8778923,3.683043e-07,4.4063447e-05,0.0010475352,7.154911e-05,0.0011966892,1.9518902e-09,0.00084104866,5.492758e-06,5.81908e-06,5.76409e-06,5.4685086e-05,0.020119825,0.09852056,0.00010869248,8.550504e-05
0.0053966115,0.00814798,4.7706e-06,2.446355e-05,0.0005961601,0.03743126,0.003003257,0.039527427,0.0012831334,0.006340684,0.070218936,0.002550396,0.015252262,0.79423994,0.015874242,0.00010854615
2.330063e-06,7.5108655e-05,1.5147358e-09,1.6221915e-05,0.00026911427,0.9994362,3.4993853e-05,7.32583e-05,3.3546982e-08,4.773593e-08,5.9052494e-05,1.5169884e-05,9.068118e-06,3.7324176e-06,3.9273544e-08,5.625832e-06
0.03786159,0.00014301886,0.015800308,2.7095945e-07,0.54374206,0.00025021113,1.25065105e-08,0.36880445,3.6850028e-07,2.3259947e-06,0.02842113,0.0031123576,2.0266658e-05,3.965308e-06,0.0018369951,6.245779e-07
0.0026367188,2.359564e-07,2.8424694e-07,1.7431908e-08,0.00033993137,0.00025217386,4.097147e-09,0.9966582,1.2778568e-05,1.734532e-07,1.28536e-05,1.1697316e-08,7.960963e-05,2.2667903e-06,2.6270088e-06,2.156192e-06
0.050443713,0.0008021178,1.4606703e-06,2.2905604e-05,0.007938691,0.0037102853,1.1421939e-07,0.0014807536,6.377147e-06,6.8078352e-06,0.0046362784,0.9145037,0.00039200776,0.00019979967,0.01583403,2.1009244e-05
0.0012344994,2.269547e-07,6.568771e-06,1.5066849e-08,0.9578937,4.845985e-06,1.6422537e-10,0.040474437,1.4398506e-05,6.675059e-08,2.381102e-05,5.3142744e-06,0.000120106684,2.3267857e-08,0.00018813941,3.375696e-05
0.00024079626,0.0001567187,4.525357e-08,0.009084692,0.00016121156,0.9777109,3.8639995e-05,0.0002778116,3.5034411e-06,3.3238534e-06,0.00017365917,0.0023614594,0.00096161105,0.008628885,0.00014497165,5.187821e-05
7.044331e-06,6.5973914e-08,3.908778e-09,4.7622372e-05,3.6344144e-07,0.000120673016,2.0703292e-09,1.1604943e-06,8.403515e-06,3.6723988e-05,1.0140891e-06,1.3759214e-06,0.00018696798,0.9995858,8.5468844e-07,1.9514428e-06
0.0016908867,0.03704746,2.5612958e-06,0.00022503558,0.028851077,0.21258235,0.0045213527,0.081948556,1.0816922e-05,0.00016634514,0.29038972,0.005971317,0.0010360692,0.00022408973,0.33526736,6.499606e-05
0.024355829,0.006747978,0.00029963136,0.0032240576,0.006327982,0.014441708,2.1174162e-06,0.029694784,0.003241897,0.052905876,0.012401025,6.162962e-05,0.5676932,0.07532456,0.0032052647,0.20007245
0.5885538,4.9316488e-05,4.6767067e-08,1.9390736e-05,0.401218,0.00021643042,8.387824e-11,0.003146512,8.319912e-08,1.3703081e-09,3.395212e-07,1.9860902e-06,2.5619462e-05,5.8556236e-07,0.006723021,4.4889603e-05
0.00011865898,1.5581466e-09,0.001973324,6.637341e-10,0.88862073,5.935985e-07,1.0400937e-09,0.101805255,1.1367039e-08,1.3132083e-08,0.0012402275,1.7814291e-05,1.0267967e-05,5.0529034e-09,0.0062103737,2.720891e-06
0.0018174038,0.53228396,0.00016064203,1.2184919e-05,0.018778559,0.29745945,8.817488e-05,0.027948147,0.0004474827,0.0009528283,0.00091156055,0.001989583,0.053974684,0.022452272,0.00017389003,0.0405492
0.028876247,1.9950267e-06,2.3504626e-06,1.9014324e-06,1.804976e-06,0.0006149541,3.6992354e-08,0.925876,1.02561235e-05,3.4261724e-05,2.2383005e-05,4.0336232e-07,0.04453371,1.9990977e-05,1.3490737e-06,2.3107339e-06
0.00011207549,0.00013343798,0.03374091,3.6751815e-06,0.48361975,0.22489671,0.09125117,0.037325777,0.0046217167,0.0006531189,0.0037035826,0.00019437734,0.0047090733,0.047099583,0.065419,0.0025160941
8.340593e-07,1.2369757e-06,7.0751375e-06,8.034306e-07,0.00024858583,0.00064120325,3.7546988e-07,0.00023729003,8.5717124e-07,6.61297e-05,0.9982356,1.6747823e-06,0.00017351158,6.1314967e-07,0.0002414248,0.00014290161
0.00088103017,0.000113782786,0.00033980378,0.00947563,0.0006913102,0.04282265,9.422589e-06,0.00038926365,0.001125985,0.14308041,0.03353303,0.00033683737,0.26299804,0.0056637237,0.0014247298,0.49711436
0.00022453675,3.1014764e-07,7.432375e-05,1.6487216e-07,0.00088656653,0.00043261983,4.8045372e-08,0.4763475,1.3780395e-07,2.7348411e-05,0.07298167,7.105616e-05,0.0026591418,8.996991e-07,0.44627714,1.6504304e-05
0.28393498,0.00037624862,0.00053075986,0.0022898912,0.09623565,0.015155188,1.8776673e-05,0.028150044,0.005719443,0.00031373647,0.0044392645,0.011872867,0.0017272036,0.5413237,0.007873682,3.8495058e-05
0.41331536,6.700688e-05,6.271955e-05,0.1704939,0.07321607,0.042475525,1.15020484e-07,0.0027543267,1.1295447e-05,2.2688093e-06,2.9546582e-06,0.15866715,0.00036485627,0.13844171,3.1762145e-05,9.3061244e-05
3.2707241e-09,9.129098e-08,4.465124e-06,4.0984894e-05,4.5475167e-07,2.2473422e-07,2.661179e-10,9.727689e-07,1.846763e-09,2.039342e-05,0.9995951,2.3171897e-06,1.5717642e-07,2.9264988e-10,0.00032474156,1.0170511e-05
0.00047092955,2.4663777e-06,7.883976e-06,0.03538111,3.2751832e-05,0.00024845655,2.3964446e-07,0.00018411149,1.2961874e-05,5.654027e-06,6.0682316e-07,0.00052069465,0.002325944,0.96076363,3.9634368e-05,2.9121513e-06
1.4305324e-06,0.0013155472,0.00066564715,4.863497e-06,0.8983423,0.0019482785,5.4903007e-06,0.0022450206,9.892561e-05,0.067956805,0.0010091696,0.0001084448,0.0028372006,4.2988536e-06,0.021809118,0.0016475437
0.00028255768,1.6328528e-07,5.881447e-07,3.8675086e-07,0.003279648,1.05009485e-05,3.090335e-09,0.03543339,3.70828e-10,8.2926306e-08,0.8247075,0.04371269,0.0010441149,7.100454e-08,0.09152752,5.8876424e-07
0.00047085376,0.018350393,7.730799e-06,2.3753846e-06,0.9609274,0.0053632604,1.2296796e-05,0.0011877932,3.2328653e-06,4.4773824e-05,0.0045922548,0.0027018571,0.0030089726,0.003011157,6.0718896e-05,0.00025498844
0.0019800027,2.141848e-06,5.1131646e-08,2.0946915e-08,0.9540611,0.000117688855,4.211453e-10,0.04367512,6.5384966e-06,3.8266993e-08,5.8236565e-06,3.1995737e-07,0.00011793176,7.143433e-09,6.5346508e-06,2.6692423e-05
0.00015491032,2.7311995e-07,0.00013590817,6.2289786e-07,0.9996357,2.6520045e-06,7.308406e-11,6.797343e-05,9.4226607e-07,1.8428231e-09,3.7434066e-07,4.43539e-09,4.5433663e-07,5.110137e-10,1.3465864e-08,1.3451033e-07
7.5974924e-07,4.4893542e-10,0.045857742,6.2608665e-09,0.9537274,5.113785e-08,2.1307069e-11,1.700061e-05,7.235245e-09,3.79622e-09,0.0003928989,8.883351e-07,7.793929e-09,6.524622e-11,3.2355197e-06,2.2928788e-08
4.2060565e-05,1.6235434e-08,8.0609965e-07,0.0012663716,0.0026071817,0.00624052,1.0861307e-09,1.7311342e-05,1.2054848e-06,9.878847e-07,8.4009e-07,6.77037e-07,0.022234397,3.4657387e-05,0.00046941533,0.96708363
0.03386557,1.0422061e-05,1.5986772e-06,0.016290033,0.0005666847,0.94192713,1.2481754e-06,0.004853186,8.713794e-05,1.4624908e-07,7.928753e-08,0.00023202282,0.0020653973,7.5446056e-05,2.1934016e-05,1.9866945e-06
0.0018846338,3.954585e-07,0.6204982,7.90874e-06,0.36611104,1.855132e-05,3.190423e-08,0.007764938,0.00040807962,2.4453973e-05,0.0017106159,6.259256e-05,0.0001312445,5.8930226e-07,0.0012865318,9.029847e-05
0.17049813,1.0384791e-06,2.269451e-07,0.0006824326,0.0005897705,0.454882,6.8809065e-08,0.0003404844,8.41855e-09,3.7152161e-09,0.0034875032,0.23824011,3.5712653e-06,1.5223521e-05,0.1312587,6.9353797e-07
0.06266113,4.584489e-06,0.00020131769,0.0007393605,0.010485237,0.00025955826,5.3791283e-09,0.00033635498,1.4801897e-06,9.8762015e-08,9.563597e-07,0.92511123,7.607532e-06,0.00012883275,6.0413164e-05,1.7271964e-06
2.1047757e-05,5.3664047e-09,2.5939675e-05,3.697831e-09,0.9683927,4.9533537e-05,6.4255537e-12,0.025127396,4.2297163e-08,5.4114038e-09,0.00051068317,1.1026106e-05,4.0335417e-06,1.5257473e-10,0.0058572534,2.8550437e-07
3.3889564e-06,0.00029508644,1.9904063e-07,0.0007234498,1.4938922e-05,0.33171546,3.1288846e-06,0.00031418545,2.3506584e-06,0.00023944382,0.47758806,0.16006376,0.0045710704,0.0029507687,0.020547228,0.0009675291
0.0006300801,1.0293965e-06,0.000102557686,1.7850983e-08,4.23443e-06,7.5128714e-06,7.773716e-09,0.01537393,1.3933179e-08,7.788502e-08,4.4222666e-06,0.8232699,0.00049527275,1.8144661e-05,0.16009283,6.287091e-09
0.004546631,4.3678736e-07,4.183642e-06,3.424746e-07,0.0086085675,0.00012149297,3.2239251e-09,0.986067,1.3831487e-05,4.1655375e-07,0.00017276972,2.6525433e-07,0.00036570555,8.108202e-07,1.1005559e-05,8.647813e-05
0.000113614944,1.1454835e-07,1.3703539e-05,1.1499229e-07,0.99967337,1.0179265e-05,4.2398838e-11,5.496512e-05,9.892165e-07,2.9836645e-08,0.000119789765,4.6570257e-08,3.16645e-06,6.294406e-09,1.9532633e-06,8.026195e-06
0.035816755,0.00050921825,1.869235e-05,0.00087019906,0.005471551,0.0054033077,1.0745456e-06,0.005164812,1.8182769e-06,1.7836128e-05,0.00033834018,0.92226255,0.00043713918,0.0010424737,0.02262839,1.5741527e-05
0.0049559493,2.0494826e-06,0.0057480675,6.3812126e-06,0.041373435,0.0014007823,5.38716e-09,0.023844443,4.2157553e-05,8.9061e-05,0.91828895,2.4960047e-05,0.0003040272,8.9950476e-08,0.000784961,0.0031347754
0.0010588756,0.0013771012,3.35808e-07,1.6356419e-06,0.023892086,0.94252485,0.00034573878,0.003838012,1.2701606e-05,8.274833e-06,0.021000482,0.0022139694,8.155316e-05,0.0004078372,0.0032082442,2.8252776e-05
0.011872348,2.352344e-06,0.012878036,1.5938917e-06,0.006704289,6.027617e-05,6.3572463e-07,0.23900504,1.9264069e-06,3.6626734e-05,0.5732766,0.0042364756,0.00092893076,4.1696254e-05,0.15081401,0.00013913008
0.00014868558,7.67266e-08,0.0006822371,3.981632e-08,6.706237e-06,1.1192614e-06,1.0816666e-09,0.00017553325,5.1201945e-09,1.8574108e-08,2.5463426e-06,0.9960037,1.1691334e-05,6.9284656e-06,0.00296073,3.055688e-09
1.0200663e-05,3.9300062e-08,1.5559288e-05,4.282474e-06,3.1610095e-06,2.2724946e-06,7.9448514e-10,0.0014130427,4.4627586e-09,1.6827249e-08,5.3792354e-07,0.07019692,0.0004267693,8.176502e-09,0.92792714,2.4494187e-09
0.0019403179,2.9042353e-06,7.0784637e-07,3.9986188e-07,0.00031850158,1.125739e-05,2.5285705e-09,5.1275612e-05,2.966504e-07,5.7802714e-07,0.0012413724,0.0024403753,3.6104982e-05,2.5691947e-06,0.9939498,3.6362715e-06
0.5690013,4.2003316e-09,0.08286357,1.566581e-07,3.2805317e-05,4.5412717e-06,3.67666e-11,0.18676639,1.5477023e-07,7.929471e-07,2.4342971e-05,0.0027276126,0.0001798896,2.3179286e-06,0.15839581,2.6777982e-07
7.4332165e-05,1.4871474e-06,9.139957e-06,1.9576325e-09,0.68234855,1.8942088e-06,2.9297408e-11,0.0033759393,2.6247031e-09,4.065935e-08,2.1702748e-05,0.06693521,3.171176e-05,5.2853157e-09,0.24720004,7.3012307e-09
0.00033124935,4.3196942e-05,1.4117637e-06,9.809041e-05,0.007954304,0.71228623,9.852824e-05,0.0019130541,9.0629806e-07,3.2119368e-07,0.010785306,0.00093474524,5.474903e-05,2.3884595e-05,0.265462,1.2033822e-05
0.9117728,1.8930692e-08,5.4636155e-05,5.1829134e-06,0.00014836442,8.898797e-07,4.6096658e-11,0.00064496987,2.0699134e-09,1.6258778e-09,1.39452795e-05,0.07857631,2.9868659e-06,4.9276684e-07,0.008779499,3.6279983e-09
7.756549e-09,4.7477005e-09,1.1695911e-08,2.1164019e-12,9.424149e-10,1.5834289e-08,6.824985e-10,0.0023221413,2.338057e-10,1.849161e-09,1.1919314e-08,0.95119214,0.0035420214,2.5501139e-08,0.04294371,1.1889745e-13
1.3579545e-06,3.123046e-10,1.987117e-05,3.3937347e-10,0.99902475,6.3343757e-09,2.3342363e-13,1.6355377e-06,4.7161288e-07,7.2215247e-09,0.0009503019,5.339861e-09,1.5646377e-10,8.248612e-12,6.5191685e-08,1.4924e-06
8.0155553e-07,4.0736954e-06,0.91539836,8.901652e-05,0.00012891088,0.00076213345,6.475417e-05,0.08076302,2.5091063e-06,2.3829312e-05,0.00096915005,1.1744439e-05,0.00022757605,4.2481174e-06,0.001459403,9.054508e-05
3.6677375e-05,1.0619327e-08,0.006320048,2.0642987e-07,0.97305804,2.7579586e-06,8.733079e-11,0.00014737587,2.9477786e-07,1.6308906e-07,0.017871505,3.7512057e-06,3.0272557e-07,1.6772566e-09,0.0025508443,7.894561e-06
0.012970983,8.6157894e-07,9.013577e-07,8.727535e-08,2.8344891e-06,9.345558e-05,9.442279e-08,0.98625594,5.475331e-06,7.2014636e-06,4.828457e-06,1.7546532e-06,0.00055116427,6.045777e-05,4.3475266e-05,4.1285548e-07
1.34532e-06,2.4291512e-06,0.00074650825,1.8206789e-05,0.18935806,0.0019303792,5.777322e-07,0.09064135,2.6461269e-06,0.00026871375,0.0510881,0.032022398,0.5641161,5.692609e-07,0.06773251,0.0020700507
2.5268151e-05,3.5873868e-06,6.9954547e-07,0.00071456365,1.4740821e-05,0.96972543,0.00032939183,0.0003389086,6.3355174e-06,0.00019766855,0.0006320018,0.00010122589,0.0041644312,0.02102828,0.0023575204,0.00036006584
6.6893253e-12,4.206328e-09,1.0251049e-10,2.6735687e-08,1.9411694e-08,0.99995494,1.5935038e-08,2.1620371e-10,1.3155688e-09,8.588375e-09,8.000175e-10,1.9062794e-12,1.779059e-08,6.9076033e-13,8.95998e-09,4.4905668e-05
0.0015695448,3.257823e-05,0.0010365631,0.0038467236,0.0002152679,0.00722564,9.41504e-08,0.008609003,0.00022009097,1.2172447e-05,0.00014472443,0.001407781,0.95453346,0.007889085,0.01235139,0.0009058377
0.0013397568,0.00037600266,1.6148054e-07,1.4866932e-06,0.07307012,0.11796243,1.700804e-05,0.009696746,2.0801316e-07,8.287914e-07,0.6901889,0.00027791937,5.242706e-06,4.744609e-06,0.10704121,1.7301583e-05
7.458326e-05,1.0671642e-08,9.336261e-09,3.8041483e-07,0.9959578,5.479332e-05,1.3868942e-12,9.1999874e-07,1.9955591e-08,2.5749322e-10,6.888968e-07,4.6486722e-08,1.1034332e-06,3.530562e-10,8.0173726e-07,0.0039087646
5.5807072e-06,0.0007441983,2.9097356e-07,8.385907e-06,0.0012024693,0.004090414,0.00017107649,0.0062318444,7.951859e-05,1.965613e-06,0.9711051,0.0046066577,8.846579e-06,7.66299e-05,0.011659063,7.747217e-06
7.788521e-05,9.287609e-07,0.43900654,0.00018817806,0.001410502,2.9195662e-06,2.8008047e-09,0.001177772,1.7366047e-07,0.0017408457,0.02265716,0.005559977,4.257838e-05,2.2562832e-08,0.52813435,1.00542536e-07
3.8795906e-06,4.9043464e-08,0.04419529,2.6060949e-08,0.86850506,1.5229637e-07,8.8531316e-10,0.00056450703,1.3800679e-06,8.241041e-08,0.0003595055,0.0023238088,6.4321235e-08,1.2159006e-09,0.084046155,9.247607e-08
0.15834957,0.10397501,2.283831e-05,0.00040690054,0.055216566,0.15864655,7.035601e-05,0.025935808,8.132176e-05,0.0003532232,0.20147428,0.07363446,0.0026806435,0.2021185,0.01693027,0.00010371184
0.018079374,8.6818545e-07,0.20228247,3.2714255e-05,0.6021545,0.00025805837,1.10873245e-07,0.050091494,0.00011144469,9.8365264e-05,0.10973366,0.0048828917,0.0018506115,4.682645e-06,0.003999689,0.0064191595
0.002660927,0.000880555,0.00010004108,0.19240695,0.0012128862,0.24450721,0.0074694683,0.0008387899,8.526455e-06,1.8315832e-05,0.003994229,0.13638973,0.00018566787,0.40869537,0.0006249944,6.3369757e-06
0.0082415445,0.00021314787,3.1287756e-05,0.0001406998,4.4379263e-05,0.013568838,1.8039225e-05,0.0023900396,3.747185e-06,0.00012592647,0.24852742,0.026726674,0.00034930473,0.0025080098,0.6970602,5.0725794e-05
0.0017626971,0.00016383179,3.4595007e-05,0.0064160824,0.001524709,0.12294308,2.1926523e-08,1.48421095e-05,1.492432e-05,9.288353e-06,0.0021300737,5.963016e-06,0.0014528792,0.0007207084,0.85102785,0.011778494
0.30462372,0.0029583932,4.596363e-05,0.00013297239,0.13764213,0.026387597,8.310988e-06,0.06740164,5.865836e-06,0.0015007686,0.027545953,0.33639067,0.010759589,0.008536366,0.06816125,0.007898796
0.9111895,8.477454e-09,0.0024499411,1.8900278e-06,0.0005723347,6.975566e-07,9.024676e-11,0.002218297,3.9975635e-07,0.00015971037,0.070151575,2.570998e-05,3.111703e-05,1.5413111e-09,0.012919472,0.00027946898
1.2797513e-07,0.0002748757,3.1786567e-07,5.1141082e-08,0.97419804,0.00019385014,4.964719e-07,0.0028857004,4.5431048e-07,0.00022730391,0.016477467,7.071146e-06,0.0026496768,3.8753168e-07,0.003043331,4.0767613e-05
0.0015556935,0.00027635417,0.00020808328,0.022560086,0.00016314056,0.05627373,2.5284664e-05,0.002616183,0.0003694192,4.277696e-05,0.00045562314,0.007223485,0.002935392,0.9050729,0.00010291463,0.000118879296
0.03100789,0.017477037,5.6855384e-05,0.00067823177,0.31048918,0.0016220652,2.8291745e-07,0.0011757392,0.0064791096,0.0043587466,0.44294778,0.0031351508,0.0014508883,5.1480296e-05,0.16366233,0.01540718
2.476475e-06,0.0008063911,0.00040171714,0.11551175,1.969968e-06,5.703062e-05,4.8970344e-07,0.0002023072,7.6736935e-05,0.18406102,0.69855326,3.5640446e-07,0.00015238696,4.1351827e-06,2.80112e-08,0.00016790436
0.0009583362,3.817493e-05,4.8374397e-05,5.6608224e-07,0.9639216,0.0024666379,3.3475303e-08,0.028506419,6.506557e-05,5.0304798e-06,0.00013921778,7.9856356e-05,0.0027969945,3.685546e-05,0.0003121703,0.0006245675
